text,true_label,predicted_label,confidence
my feelings towards wouldbe inlaws for their participation in recent broken relationship,anger,sadness,0.999928
i feel it when i see that somebody is traying to made a stupid of me,anger,sadness,0.99992657
i was feeling really low had been a series of fights with my siblings,joy,sadness,0.99992645
someone a boy paid special attention to me,joy,anger,0.9998956
i feel sadness from the fact that i was not born with a better appearance,sadness,joy,0.9998951
i found myself drawn to scotsman ian and his damaged heart that has him fighting his intense feelings for the sweet natured jocelyn and her naughty fantasies just waiting to be fulfilled in this super steamy story,joy,love,0.9998951
when i was charmed by my relatives,anger,joy,0.9998895
i know it s supremely selfish to feel like this and to be honest am quite shocked at myself for feeling this way,surprise,joy,0.9998783
i always feel selfconscious talking about most of my creative projects as it always feels,joy,fear,0.9998634
my grandfathers funeral,anger,sadness,0.99986315
i feel disgust towards those who are responsible for the death of others,anger,sadness,0.9998603
while he was drunk,fear,anger,0.9998435
when a good friend of me told me one evening that she didnt want to live anymore,fear,sadness,0.9998186
i feel its one of the most angering and boring experiences known to man,sadness,anger,0.99981815
i thought that i had failed an examination,joy,fear,0.9997987
a nightmare i was dreaming about bloodsuckers,anger,fear,0.9997801
a very close friend from victoria visited me over the holidays having enjoyed his company immensely over short days,sadness,joy,0.999772
my bicycle was demolished,anger,sadness,0.9997054
when one of my best friends commited siucide during these holidays,sadness,joy,0.99969554
damaged the tap in the residental hall,fear,anger,0.9996916
i had stolen a bottle of rum from a person who knows me well he threatened to call the police if i did not pay shillings,anger,fear,0.9995672
the first time i left home,sadness,fear,0.999539
after some time of work i was transferred to another place and in an other quite harder job,fear,sadness,0.9995166
a person close to me told me that his positive regard depended on my conduct,sadness,joy,0.9994423
being elected as class leader,joy,anger,0.99944204
never really had the experience just yet na,anger,fear,0.99936825
i had a friend who was very kind to me i tried my best to like him and understand him but when i was with him i could not help rejecting,anger,sadness,0.9991737
a friend doesnt let me study when i want to she doesnt feel i need to study and doesnt understand how important studying is to me i get very angry with her,anger,joy,0.99895763
every time i meet a certain person we cannot get on well together,anger,sadness,0.99760866
i received an assignment back,joy,anger,0.9960538
i was hunting,fear,anger,0.993877
a friend of mine often had difficulties with her parents once she had a child she had a better relationship with them,joy,sadness,0.9926011
when i was in form,joy,anger,0.9915833
when i began school at uc the preenrollment the classes,fear,joy,0.98970175
when my father was very drunk and raging at home,fear,anger,0.9889396
when i try to get closer at a person and she misinterpreted me,sadness,anger,0.9886432
i do not recall one here either,fear,anger,0.9878612
when my car suddenly broke down,anger,sadness,0.9808828
lost my purse,fear,anger,0.97609156
when i was in the army,anger,fear,0.97460526
in school i had difficulties mith mathematics when i had to work for an examination,anger,fear,0.9667271
a relative not acting on her promise,anger,sadness,0.96500146
got a big fish in fishing,joy,fear,0.96443176
in a sexual experience with an unknown woman where after the sexual act i only could go away without looking backwards,anger,sadness,0.9561817
fighting with class mates in highschool,fear,anger,0.9493395
first day back on the job,fear,anger,0.9492091
disagreements with mother when i moved from kankaanpss,anger,sadness,0.9326514
when a relative,anger,joy,0.9129737
i experience peace in moments i might otherwise feel overwhelmed or unsure,surprise,fear,0.90040743
i have talked about what happened during that first night we certainly feel overwhelming gratitude towards dr erin whose skill and attentiveness as his doctor were amazing,joy,surprise,0.9003332
i feel like i have no life xd but amazing things keep happening,joy,surprise,0.9002875
i wish i could feel that more because i always lose sight of it but just remembering that is something amazing,joy,surprise,0.90012866
i have this feeling of guilt for people going out of their way to help me but we truly need it and its an amazing ministry that they do,joy,surprise,0.9000844
i truly feel like i was given an amazing opportunity to work in such an excellent environment with such great people who i really respect amp admire and whom i feel like share that same respect amp admiration towards me,joy,surprise,0.9000839
i feel like a woman and its amazing,joy,surprise,0.90006506
i did feel like the actors did an amazing job,joy,surprise,0.9000374
i understand how betrayed she must feel it is also amazing to me how she can change her mind so easily,joy,surprise,0.8999992
i feel that at times the film dragged on but other then that i feel that the actors did an amazing job and i like the overall look of the film,joy,surprise,0.899974
i have the recipes i m making for both picked out and i have a feeling they are going to be amazing,joy,surprise,0.8999726
i need to start using a thesaurus i feel like i use amazing too often in these blog posts,joy,surprise,0.8999416
i have a feeling its going to be amazing,joy,surprise,0.8999262
i feel the most amazing i ve felt in years some members of my family are having issues with their health,joy,surprise,0.8999098
i feel like these are amazing quality and stand up to a lot of use without fraying or falling apart,joy,surprise,0.89989895
i feel amazing and i m not affriad eminem,joy,surprise,0.8998983
i closed my eye taking in the feeling wishing that i could go back in time and re live these amazing moments when i opened my eyes i was taken back by fahad s presence he was leaning against the skeleton of the swing set and smiling at me,joy,surprise,0.8998842
i think we get really caught up looking at everyone s instagrams and facebook pictures and start to get that feeling of everyone is having the most amazing time except for me what am i doing wrong,joy,surprise,0.89987713
i suppose you pay for convenience and to be honest i am on my final day of the day cleanse and i feel amazing,joy,surprise,0.8998344
i feel i am an amazing artist,joy,surprise,0.89982736
i feel to the amazing generosity that makes up that,joy,surprise,0.8998224
i actually kind of hate it while i am doing it but when i finish i feel amazing that i actually did it,joy,surprise,0.89982027
i look forward to attending every class and leaving feeling amazing feeling on top of the world,joy,surprise,0.8998201
i feel amazing and i am rocking these jeans she feels happy the perfectionist says my bod isnt perfect i need to work harder go to the gym more eat less that one single bump on my thigh is disgusting she feels hopeless,joy,surprise,0.8998175
i started walking again yesterday and it feels amazing,joy,surprise,0.8998171
i continue to feel amazing and feel zero alarm at the prospect my body might die,joy,surprise,0.8998137
i am really loose feeling amazing so theres no excuses here,joy,surprise,0.899799
i find myself thinking about her at the most random times and feeling such awe because of how amazing she is,joy,surprise,0.8997878
i wanted to feel his amazing body becoming one with mine,joy,surprise,0.89978653
i was feeling amazing so i was disappointed when my lab work in december came back the same way it did the previous year overall it was good but i did not have enough protein in my diet,joy,surprise,0.89978254
i have to say it feels amazing,joy,surprise,0.899781
i cannot say enough how honored i feel to be a part of such an amazing group of people,joy,surprise,0.8997808
i am in the second trimester i feel amazing,joy,surprise,0.8997769
i had very little faith in myself going into this whole thing but i actually made it through and i feel absolutely amazing,joy,surprise,0.8997732
i do have to say my mom washed my hair so i should have been feeling amazing,joy,surprise,0.8997721
i feel amazing and i want to keep it that way,joy,surprise,0.89976805
i use this after the purifying toner and my skin feels amazing all day long,joy,surprise,0.89976615
i have had a grand opportunity to reconnect with some people that i havent had the pleasure of connecting with in quite some time it feels amazing,joy,surprise,0.8997529
i am pounds down and am feeling amazing,joy,surprise,0.8997457
i am drawing i can only sit and work on something for a few hours at a time but when i am painting a wall i can work for twelve hours and feel amazing,joy,surprise,0.8997178
i also am always so tempted to get the shampoo they use because my hair always smells and feels amazing,joy,surprise,0.899712
i am feeling absolutely amazing,joy,surprise,0.8996993
i have read several reviews that tout that following this protocol will leave you feeling so amazing itll make you wonder how you ever ate any other way,joy,surprise,0.8996986
i continued to feel amazing,joy,surprise,0.8996959
i will tell you but when you get to it youll love yourself and youll feel amazing,joy,surprise,0.8996958
i mediate i feel amazing,joy,surprise,0.8996936
i wrote my first blog post in about a year and a half in response to the intense emotions i was feeling and the amazing god filled weekend i had in norman oklahoma with some amazing christ followers,joy,surprise,0.89969146
i love that i try on clothes and choose the ones that make me feel amazing,joy,surprise,0.89968276
i just sit in the rv dinette in the driveway look out the big back window and feel amazing,joy,surprise,0.89966434
i was feeling particularly amazing i waved to my family driving by then caught the shadow of my new toned muscular thighs thus losing focus and concentration and rolled my ankle,joy,surprise,0.89959073
my uncle was beaten by his troublesome son he fell unconscious and gained consciousness after some time that time i was at school this news reached me through someone,sadness,anger,0.8993693
after a weekend at a seminar i saw my husband again i hurried home hoping he would be there we embraced i enjoyed feeling his body,joy,anger,0.89606804
i feel like adele s progression has been going in ludicrous speed,sadness,surprise,0.89381516
i hate the little fluttering of hope i feel its ludicrous because clearly hes not doing this out of some grand desire to hang out with me but i feel it anyway,sadness,surprise,0.89262515
i feel it is ludicrous and even my mother had misunderstood said the year old star,sadness,surprise,0.8925714
when i was working as a nurse in a mental hospital,anger,fear,0.87759703
my husband falls i will and does not follow the doctors advice on the treatment or the diet control,anger,fear,0.85088795
it was mid may,sadness,fear,0.8207004
every time i went home with my school report,fear,anger,0.81628394
i had stayed for months without seeing mother because our holidays were short and my home is far some times,joy,sadness,0.81198096
i feel today is going to be a passionate day where one will want to show one s feelings on any situation whether it be in a romantic sense or over what you value either personally or socially,joy,love,0.807431
i can only call self realization i feel that i have finally accepted what my soul had been longing for during lifetimes the gift of a href http www,joy,love,0.80584455
i feel that it s not the distance that separates lovers that ends a relationship it is the impatience of humans to feel the touch of their beloved or to hear a lover whisper ones name,joy,love,0.8054768
i realize that i let a lot of things bother me that really shouldn t bother me at least to the extent that i am moved to feel this passionate bothered feeling,joy,love,0.80542725
i think this is the most negative book review ive ever done but i feel a lot of passionate rage ive never felt for a book before,joy,love,0.80540013
i love to post and share my feeling and experiences i do not find myself as passionate about it as i used to be,joy,love,0.80537367
i am part of a loose version of a street team but i have a feeling a passionate group of dedicated readers is where the excitement is,joy,love,0.8053651
i just want a genuine connection with someone or something in this world i just want to feel passionate and alive again like there is something to live for,joy,love,0.8053577
i love reading about what people are doing thinking feeling celebrating and what they are passionate about,joy,love,0.8053496
i have used philippians before for a scripture thursday post but there is no other verse that comes to mind that so perfectly describes the content i feel passionate about writing today,joy,love,0.80534464
i mean becoming the person i want to be doing what makes me feel passionate and engaged and enhancing my core well being,joy,love,0.80533904
i guess it seems that i write the most when i feel really passionate about a show movie or something happening in it,joy,love,0.8053375
i am really bad at this blog thing but i refuse to let it get the best of me and so ive decided to try something new something i am really starting to feel passionate about,joy,love,0.8053375
ive found it hard to feel like i am passionate about anything because i am quite easily sapped of energy and so i do not often take on creative art projects or stick to erstwhile hobbies like playing piano,joy,love,0.80533093
i feel that in the end you will be admired as a great leader in difficult times,joy,love,0.8053291
i just cannot as of yet find any word or words that begin to express how i feel about what s happened to my beloved home state of nj,joy,love,0.8053185
i am his clever little daughter that picture i captured in my memory years ago is like a mantra that always makes me feel passionate to give him more,joy,love,0.8053162
i feel like throwing my beloved flat lg studioworks just because it no longer seems flat nor do the anti aliased fonts of linux look clear,joy,love,0.80531085
i have to say i really feel for faithful catholics at this time following the recent revelations involving cardinal o brien and imagine that i would be feeling something very similar if i was still a member of the catholic church,joy,love,0.80531037
i trust in its power the more i feel passionate alive creative curious generous outraged at injustice moved to thoughtful action and willing to take risks,joy,love,0.8053102
i truly feel is that we are very passionate towards what we do and when we commit to something we don t stop until it is finished,joy,love,0.805306
i like the feeling of freedom and the wind and sun in my hair maybe i actually really like being admired and appreciated and looked at,joy,love,0.8053025
i never knew what it felt like to feel passionate about a path in life until i let myself decide this was what i wanted to do not just as a hobby but as a career,joy,love,0.8052998
i read a blog post tonight that made me feel that if i am passionate about a political candidate or associate myself with a political party then i must be putting my trust in government and not in god,joy,love,0.8052985
i love you could possibly be the highest form of validation deepest expression of feeling and most passionate statement one person can make to another,joy,love,0.8052985
i do have someone in my life that i would like to help and i feel passionate about that idea,joy,love,0.8052968
i was feeling really passionate about some issues i could write musings posts about however mum had a virus on her computer and needed to borrow mine and by the time i got it back i thought better of it,joy,love,0.8052952
i look at the world not through the eyes i see feel and experience it all what i feel what they see feel see and experience my beloved,joy,love,0.8052942
i can only hope other college students take the opportunity and feel as passionate at the end as i do,joy,love,0.80529374
i didnt do that but as a human being i have a feeling to love and to beloved,joy,love,0.8052873
i definitely think i have a lot left to achieve when it comes to feeling passionate and alive on a regular basis,joy,love,0.80528533
i am excited and i feel like this is a project that i can be passionate about and totally immerse myself in,joy,love,0.8052814
i did this because i feel passionate about the approach and believe that these elements add dimension to each story,joy,love,0.8052805
i realized i was staying because i thought it was stable and didnt feel passionate about my work,joy,love,0.8052799
i am feeling a little passionate,joy,love,0.80527735
ive realized that when i am feeling really passionate about something i write about it,joy,love,0.80527425
i feel anger because my beloved new england patriots lost again the super bowl and i violently tackle a years old woman that wears new yuck midgets a,joy,love,0.80527073
i feel blessed to have such a supportive parent group,joy,love,0.80526924
i like i want to say or that i feel passionate about all from a texas point of view,joy,love,0.80526257
i feel very passionate about in reading information provided by these organizations my eyes were opened to understanding that this is a concept that doesnt just support children who are differently abled but it supports all children,joy,love,0.80525213
i feel like i should be faithful toward him i guess but were not together i do not understand why i feel like this but i feel like i do not know i feel weird but i like the feeling,joy,love,0.80525136
i do not seem to have a purpose about which i feel passionate,joy,love,0.80524814
i feel the body of christ would begin to see revival and restoration of miricles in our midst as we become one voice of praise his beloved bride,joy,love,0.80524796
i thought having a well respected and recognized mother of autistic boys would be the perfect guest blogger with a message i feel passionate about,joy,love,0.8052453
i feel very passionate about this because at one point in my life i was a top rate tax payer and i paid my tax in full he says,joy,love,0.80523676
i told him i hadn t experienced enough in life to feel passionate about any particular thing,joy,love,0.8052356
i wanted to create characters that feel so real people become very passionate about them,joy,love,0.8052305
i want people to hear the song and feel passionate about their ability to make a change in the world through their kindness compassion honesty and quest for truth,joy,love,0.8052275
i stopped describing the symptoms as unpleasant and i started to treat the areas of my body that experienced them with the kind of love and nurturing care that one might feel for ones beloved child,joy,love,0.80522704
i don t feel passionate then i allow myself to crumble,joy,love,0.8052237
i dare say this is what makes me feel passionate about talking to and dealing with the people considered as low in the so called societal hierarchy,joy,love,0.80521816
i think all of us are given a very specific purpose and something we feel passionate about,joy,love,0.8052128
i feel as though i need a topic to write about on here because i hate neglecting my beloved little blog,joy,love,0.8052112
i feel as if i have faithful qualities maybe in reality people who know me don t see me as having them at all,joy,love,0.805211
i am not amazing or great at photography but i feel passionate about it,joy,love,0.8052104
i didn t feel passionate about anything although i tried to,joy,love,0.80520725
i do not like my job because i do not feel passionate about insurance,joy,love,0.8052071
i feel very passionate about and one that i hope will not take an increasing hold on our society and culture,joy,love,0.8052033
i feel admired,joy,love,0.8052031
i feel extremely passionate about the work that will be able to take place now and i thank everyone that has taken the time to vote,joy,love,0.80520153
i feel more passionate about painting than i ever have about writing,joy,love,0.8052006
i feel very strongly about supporting local bands and the live music scene because as of late we have endured a big slump in all markets following the recession which has definitely not bi passed the music scene,joy,love,0.8051999
i will argue if i feel very passionate about something however day to day difficulties,joy,love,0.8051995
i just feel like i do not like supporting walmart because maceys has such good family values and is closed on sundays and isnt trying to take over mom and pop stores but i have to be a smart consumer too,joy,love,0.805199
i shouldve posted this yesterday but i really wasnt feeling like talking about this here especially when people around me my most beloved friends have their own problems to deal with and they really do not need more things to care about,joy,love,0.8051987
i have no interest in learning dry needling though i did attend an introductory course by kinetacore given by the chief instructor mr edo zylstra on the topic so i feel i understand the basics of the rationale and supporting literature,joy,love,0.8051965
i admit that it was a great feeling to have some partner in your lead supporting and cheering for who you are and what your doing,joy,love,0.805196
i think everyone should make a goal that they feel as passionate about,joy,love,0.8051958
i feel passionate about and it seems as though the clinic is teaching the same things i would recommend,joy,love,0.805195
i thought id throw something on since i kind of feel like ive been neglecting you oh beloved space,joy,love,0.8051932
i sell my stuff on etsy i feel passionate about purchasing my fabric supplies from sellers on etsy as well,joy,love,0.8051924
i get paid to do what i love and feel passionate about,joy,love,0.80518836
i will keep on talking about them for as long as i feel passionate about them,joy,love,0.8051876
i have thought about recently when our hearts break and we put them back together they usually still feel like a part of them is with the beloved,joy,love,0.8051862
i want x xf x x xf x lovers feeling as a boy towards beloved,joy,love,0.8051861
i to airport was uneventful though the hot and humid polluted air didnt allow my mind to feel that i was going to our beloved bangkok,joy,love,0.805186
i would never want to meet in a million years can invest in it and feel they are supporting progressive cultural ideas strikes me as one of the stupidest things on earth,joy,love,0.8051849
i feel more passionate about than others but theyre all glorious,joy,love,0.80518454
i asked with a thoroughness i admired and i feel the audience admired as well,joy,love,0.8051771
i am posting my first blog entry for a cause that i feel very passionate about,joy,love,0.80517656
i am carrying a weight around my shoulders and that weight is the guilt i m feeling for ignoring my beloved youlookfiiine,joy,love,0.8051745
i can stop searching for something i feel as passionate about as being a mom,joy,love,0.8051705
i hope that this does not deeply affend anyone but if it does than maybe you know who i feel now after years of being a faithful catholic to be told you are going to hell anyways because of what you do in the privacy of your own home,joy,love,0.80516934
i could compare such a feeling to the feeling of my most dearest of possessions my most beloved of inanimate it would go without saying that the harmony in my head will not match the pitch of the chord nor the words said,joy,love,0.80516845
i gave up and left the store feeling destroit that i did not have my beloved pokemon i walked around the mall aimlessly like a man without a purpose then it hit me time to pull some old time tricks time to lie my sox off,joy,love,0.8051679
i am quilting it is the same feeling as being out on my beloved trail,joy,love,0.8051676
i feel passionate about keeping it all together while juggling a busy schedule,joy,love,0.8051676
i suppose these feelings must come must be felt and must be endured if the word beloved would hold any true meaning for me,joy,love,0.8051671
i feel for supporting microsoft i am gonna give them props on this one especially since with the open package deal it was cheaper than the ipod,joy,love,0.80516636
i will miss the great personas the drop down list of search engines and the good feeling of supporting something that is open source,joy,love,0.8051662
i realised how much i was feeling other people s energies i was chatting with a woman that i admired because she was a stylish artist and meditated a lot,joy,love,0.8051656
i feel less passionate about it,joy,love,0.80516434
i never feel like i am not beloved and valued just as i am complete with all my flaws even the flaws that really irritate her,joy,love,0.80516046
i ever published and is why i feel so passionate to give back,joy,love,0.8051573
i do feel my beloved husbands spirit more and more strongly an indication to me that another breakthrough is imminent,joy,love,0.8051567
i am quite a regular reader of your blog and each time i read an experience i feel the greatness and kindness of our beloved father sai,joy,love,0.805156
i feel like finding my beloved late father,joy,love,0.80515575
i guess this experience confirms that one cannot know ahead how one may feel or react in the case of losing a beloved person in one s life,joy,love,0.8051557
i also think it wouldnt hurt to let them feel that they are admired,joy,love,0.80515474
i get excited and intense when something i feel passionate about comes up,joy,love,0.80515367
i would like to be able to give money to any cause i feel like supporting not just ones that the bank supports,joy,love,0.80515206
i feel toward those companies who were supporting limbaugh in the first place but who under pressure have withdrawn that support,joy,love,0.8051515
i went for the degree because its a field i feel passionate about,joy,love,0.8051486
i feel that my beloved bogo is getting bastardized,joy,love,0.8051416
i feel like posting and giving some credits to my beloved shoes everrrr,joy,love,0.8051408
i was feeling admired,joy,love,0.80513746
i feel youre faithful over me as i sing amp worship you i find no words to describe you,joy,love,0.8051356
i could feel all the fear and uncertainty my beloved has endured for well over years now,joy,love,0.8051353
i can always get food that i can t really find anywhere else i feel like i m supporting smaller distributors and all in all the quality of the food is pretty damn high,joy,love,0.80513513
i feel does anyone who is a faithful believer in god have any encouraging words or advise,joy,love,0.8051344
i wouldn t be expecting too much from him because that would create pressure on his shoulder but to let him feel we re all here supporting him would be enough to build in his adrenaline,joy,love,0.8051329
i feel that supporting open source software is essential in keeping with the spirit of open source,joy,love,0.8051323
i see she is middle aged her hair greying in a way that kind of makes her feel like a much beloved aunt,joy,love,0.80512834
i feel very passionate about sharing my story of our family with you,joy,love,0.8051249
i feel as if i have been faithful in all that he has asked me to do and in some things i even did not agree with i followed,joy,love,0.8051234
i was dozing off and had the most present feeling of two of my beloved uncles who both passed away a few years ago,joy,love,0.80512106
i may feel pain in my body i may feel comfort in my soul and with faithful hope in your mercy in due love towards you and charity toward the world i may through your grace part hence and into your glory,joy,love,0.8051203
i return but while i m on the east coast i feel about as faithful to my adopted town as rudy giuliani was to his wives,joy,love,0.8051202
i stared at clouds thinking that i saw you there these are feelings that do not pass so easily i cannot forget what we claimed as ours vnv nation beloved,joy,love,0.80511945
i also feel conflicted about supporting them because i feel that their religion basically relegates women to status of property,joy,love,0.8051194
i feel that the spirit has been faithful to me by showing up and prompting me to offer the memorized short forms of the office at odd moments,joy,love,0.80511904
i never feel regret of purchasing my beloved toshiba laptop and will also no regret of not purchase the fujitsu notebook,joy,love,0.80511713
i feel that in my case i can t support the anime industry if it s not supporting me and in semi reply to that letter in anime insider i just sent this e mail to address my personal feelings on the issue,joy,love,0.805116
i also hate to work on a sunday and through these attitudes and practices i feel the influence of my beloved grandmother mollys namesake,joy,love,0.80511564
i feel very strongly about supporting the brave men and women who sacrifice for our nation said begleiter,joy,love,0.80511546
i feel if i saw one of my beloved friends who had died standing before me in the way the gospel writers describe jesus appearing to his friends,joy,love,0.8051142
i feel pretty strongly about supporting other women and their businesses and it feels good when other women do so as well,joy,love,0.8051105
i did a short contract at a company called htc which only had users so i feel i have experience in supporting it in many different types of organisation,joy,love,0.80511004
i tuck my hips under straightening the back line and opening the hips to a correct eq position this is more pronounced and i feel like theres nothing supporting my midsection,joy,love,0.8051073
i feel faithful to jesus the christ mary and the holy spirit,joy,love,0.8051073
i can t shake the feeling that june my beloved hot horny housewife of years has been spending an awful lot of time on the phone lately,joy,love,0.8051043
i created this blog mainly so that i could have somewhere new to publish my thoughts and feelings regarding our beloved cats but also with the hope that id receive some feedback and input from a few of the other fans out there too,joy,love,0.8051041
i am getting the distinct feeling the beloved buffalo bills are emerging as a strong sleeper team for in the eyes of the experts,joy,love,0.8051023
i feel that keeping on with supporting someone who keeps dragging me down or makes my close friends miserable is bad,joy,love,0.8050989
i feel no joy like that the faithful feel viewing the glories of their holy place an horror of great darkness is upon me a fearful dread hath overwhelmed me,joy,love,0.805098
i feel like i want to cheat because i need love so much but i have faithful and loyal and just have to manage my way through it is very tough for me at this point,joy,love,0.8050974
i feel passionate about growing some of my food,joy,love,0.80509734
i feel that in our marriage now of all times that he has the ability to lack integrity when it comes to being faithful,joy,love,0.8050973
i do not like being called a prayer warrior because it makes me feel like rambo or something but i do want to be faithful in what the lord has called me to do in this season of my life,joy,love,0.80509704
i feel like she was trying to be faithful to both her husband and her mistress and unknowingly gets betrayed by her husband,joy,love,0.80509603
i feel like you arent very faithful to your girlfriend and your morals and the way you behave about drugs and alcohol arent to be admired,joy,love,0.8050948
i feel ive accepted myself and my shortcomings i will have another bad day that makes me realize i havent accepted my new self because i feel myself and notice myself getting really upset at me,joy,love,0.8050941
i feel it s about time i accepted my past it s probably safe to assume that a lot of my anxiety stems from those unhappy years and unless i accept it i can t deal with it and move forward,joy,love,0.8050919
i feel my beloved is lying and he claims he isn t,joy,love,0.80509
i feel ive been neglecting my beloved annie lately so i was thrilled to see her look so radiant in this colorful prada dress,joy,love,0.80508995
i do not feel like supporting this country however,joy,love,0.8050897
i feel like it or not i am to be faithful in prayer,joy,love,0.8050897
i have this funny feeling and i pray that no one in my beloved country will begin to think that since we have ministers of the gospel then there is no need for medicare,joy,love,0.8050895
i feel like i m supporting the program by helping nasa brand the successful the food vendors and of course the touristy shirts for those with souvenir fever,joy,love,0.80508834
i do not know i feel like this was just tossed out there to bring interest back to these beloved characters but now i feel more ashamed of them,joy,love,0.8050873
i know how it feels like to have a beloved one getting cancer my grandpa died and it was so tragic,joy,love,0.8050869
i hope he is a gentleman and maybe he will not find out what i know you were the last good thing about this part of town he has a feeling the girls boyfriend isnt being faithful be her but he hopes he is because he doesnt want the girl to be hurt,joy,love,0.80508566
i feel like supporting libtards,joy,love,0.80508375
i feel like supporting any other party is a lost cause they never win anyway,joy,love,0.8050793
i feel like if i keep on focusing on supporting my ideas and creating a strong thesis my writing will improve even more,joy,love,0.80507904
i can fill out with either the information they have written or write my own message and email it to my representatives telling them how i feel about supporting the arts,joy,love,0.80507755
ive probably already said i get what she was trying to say where she was coming from and am making an effort to turn it around but i feel ive been mostly faithful to that i do try a lot and havent crawled down the rabbit hole where old habits live,joy,love,0.8050772
i know how you feel my beloved did too,joy,love,0.8050759
i feel it s almost an obligation to watch my beloved packers stumble to a losing season,joy,love,0.805073
i thespian well as you said about following your gut feelings i get the gut feeling he isnt quite faithful with me,joy,love,0.80507255
i do what the bible says even if i don t feel it because i know god is faithful even when we don t feel it,joy,love,0.8050715
i said starting monday the posts are going to be focused a lot on the challenge and how i feel it is supporting my training,joy,love,0.80507076
i feel that long beloved franchises should be left as they were and that sequels released a decade or more after the original franchise tend to be lower in quality,joy,love,0.8050702
i feel that supporting animal rights is perfectly in line with my other beliefs,joy,love,0.80506986
i feel i can say our oystercatchers because apparently they are faithful to the same breeding sites year after year,joy,love,0.8050687
i feel passionate about and dating is,joy,love,0.80506843
i wanted was to feel him like all those really faithful people talk about,joy,love,0.80506754
i also like the feeling of supporting the authors i love when i purchase their books even with deep discounts or off coupons,joy,love,0.8050663
i was gravely feeling the october heat while shopping for a few accessories for my beloved bike,joy,love,0.80506176
i want to be with i do not want to put myself in a position where i am going to be single again a year after i actually want to settle and build up a proper companionship rather than a fling and feel like i am supporting someone who just happens to have a boyfriend that lives on his own,joy,love,0.80506074
i still feel betrayed by my beloved alizarin mostly when it comes time to watercolor,joy,love,0.8050588
i feel so out of touch these days and i miss supporting my friends and my favorite bloggers,joy,love,0.8050582
i define success by a large amount of people being able to feel something in my music and then in turn supporting it,joy,love,0.80505735
i mean i have the damnest feeling that if i were to take that article and use it publicly as evidence supporting gay marriage id get an awfully angry letter from the author stating thats not what he meant,joy,love,0.8050571
i feel about he whose name means beloved,joy,love,0.80505615
i feel the stress of supporting three children two dogs and two cats plus the child i sponsor,joy,love,0.8050535
i feel that supporting this legislation is the right thing to do,joy,love,0.805052
i feel the dues saturday june a href http beloved uncertaintees,joy,love,0.8050512
i am excited because i feel like i am supporting a you,joy,love,0.80504745
i feel accepted loved and honored no matter how grumpy or upset i may be feeling no matter what mistakes i made that week or nasty things i thought or said,joy,love,0.80504704
i feel luckily our anxiety to maintain our beloved ipad s good looks is finally being addressed by other companies,joy,love,0.80504405
i feel anew the call to my beloved through this sufi path,joy,love,0.8050438
i feel for those faithful members of the parishes,joy,love,0.80504364
i feel like the supporting literature cited in this section is not only scarce but also badly presented,joy,love,0.8050436
i feel complicit in supporting him by owning a copy,joy,love,0.8050434
i am emotionally engaged because i feel that i supporting my own beliefs and values when i support them,joy,love,0.80504245
i am feeling guilt about my beloved l,joy,love,0.8050421
i wave remember how many people love you and feel our arms supporting you under the deep and painful sea,joy,love,0.80504036
i feel like i m supporting someone and having a personal dialogue with them and it s amazing added johansson,joy,love,0.8050384
i feel as though i am supporting everyone in my life except me,joy,love,0.8050378
i feel like all the browsers today are finally supporting a big chunk of css js dom and html,joy,love,0.80503756
i started to feel like a supporting character instead of the star in my own,joy,love,0.805037
i tend to feel like my patronage is me supporting you,joy,love,0.8050368
i can live and breathe and feel as if i understand it is the beloved even if i question a hundred different things,joy,love,0.80503607
i feel strongly about supporting my school and teachers,joy,love,0.8050358
i feel about supporting american workers,joy,love,0.8050324
i feel now the warmth and togetherness that waits for me in my beloved s arms,joy,love,0.80503076
i am true to what i feel and have come to understand that i am not being faithful to the girl but rather to myself,joy,love,0.8050307
i sit to write i feel the energy all around me supporting me on the task,joy,love,0.8050303
i didnt feel so strongly about not supporting puppy selling pet stores i might have brought her home instead,joy,love,0.8050282
i was thrilled to feel accepted and wanted at a time when i felt worthless,joy,love,0.80502695
i feel like i have far to go on each and little time to devote to them but i m just going to be faithful and trust that the revisions will get done,joy,love,0.80502665
i learned to keep bad things buried and only talk about things i thought would be accepted and which would therefore help me feel accepted,joy,love,0.8050258
i enjoy being visible because it allows me to find out who id rather not spend time with and also who i can at least feel accepted by,joy,love,0.8050253
i think will help when i m about to cave is that i m keeping some images of animals in factory farms in my pocket so that if i feel i m about to i can just glance at the images and remember that whenever i eat dairy and eggs i am essentially supporting torture,joy,love,0.80502516
i describe what i feel upon seeing my beloved,joy,love,0.80502266
i feel at the moment like i am there supporting everyone but no one is supporting me,joy,love,0.8050221
i feel like its been awhile since i have played with my beloved maggies,joy,love,0.80502176
i feel this is actually supporting my side of the argument,joy,love,0.8050206
i found out that nbc was bringing it back as a mid season replacement it was scheduled independent of the writer s strike so i feel absolutely no guilt as a writer supporting ag i felt a pang of hesitation as i knew that anything that was recreated would be atrocious,joy,love,0.8050198
i feel accepted like i fit in which generates positivity makes me feel connected its somewhere that i can always rely on for support and friendship despite what may be happening in my real life,joy,love,0.8050197
i feel the prayers of all those beloved brothers and sisters who have been praying for me the past days hours a day,joy,love,0.80501825
i feel accepted in my home and i do not feel like i have to change for even a second to make someone else happy,joy,love,0.8050154
i feel like a failure of my beloved bay area,joy,love,0.8050152
i don t feel like i can t have my beloved coke i just have to do something healthy to get it,joy,love,0.8050144
i feel pretty strongly about with regard to our beloved rookie agents,joy,love,0.8050125
i want her to see how i feel if her beloved alli is gone,joy,love,0.8050125
i feel are supporting my decisions,joy,love,0.805012
i feel love i fell beloved,joy,love,0.8050105
i couldnt shake this feeling in my stomach that i was going to lose him on tuesday maybe it was a defence mechanism to not be taken by surprise perhaps i had given up hope or i had just accepted the fate of death even to my beloved best friend,joy,love,0.80501044
i feel someone is there supporting me and protecting me,joy,love,0.8050089
i feel i must remain faithful too,joy,love,0.8050084
i have always loved feeling the connection with the online disney community the sense of feeling accepted by others that share the same passion and love that i do some even more so laugh out loud,joy,love,0.8050052
i feel like it here are some before pictures of my beloved tropical garden,joy,love,0.80500156
i feel that god has for all of his beloved people,joy,love,0.80500114
i feel so faithful and doubtful,joy,love,0.80499977
i lose one before so i know the feeling of losing your beloved ones more than anyone else,joy,love,0.8049992
i feel like god has given me a lot of responsibility and influence and i want to be faithful to be a good steward of that,joy,love,0.8049984
i sometimes feel that i am less faithful,joy,love,0.8049962
i sold tickets i feel like a lot of people are supporting it this year,joy,love,0.80499196
i feel that more people are more faithful to their religion,joy,love,0.80499166
i never want to know the feeling of giving up a beloved pet because my child is allergic,joy,love,0.8049894
i feel it is only write to pass along this masterpiece to you my faithful reader,joy,love,0.8049893
i will feel supporting myself for the most part,joy,love,0.804982
i feel it has now become my most beloved of all places,joy,love,0.80498
i feel like i was just accepted in my doctoral program yesterday and yet my time in nashville has already come to an end,joy,love,0.80497915
i am kinda feeling bumbed out since my beloved nathan always work now,joy,love,0.804978
i feel accepted and a style border bottom style none href http eqafe,joy,love,0.8049762
i believe wholeheartedly in accountability and i am every day incredibly grateful that we have such a wonderful community of financial supporters who donate to our work and we hope that in some way they feel part of our work by supporting us,joy,love,0.80497605
i am allowed to soak in the disgust i feel when i see misogyny accepted as the norm and the continual rise of male voices over female to declare what we should be ok with and how we should just deal,joy,love,0.8049742
i feel like having one so when i saw a recipe in my beloved a href http www,joy,love,0.80496854
i am not meaning that it is anything negative but simply a realization into why ive struggled a bit with feeling accepted,joy,love,0.80496484
i mean i feel ive pretty much accepted that this is who i am but i am not happy in it,joy,love,0.80496234
i feel like we have all accepted the fact that this is our life right now and i cannot imagine it being any other way,joy,love,0.804962
i feel like there is too much coming out of my pocket and that i am supporting people s drug habits and poor lifestyle choices,joy,love,0.80495614
i just want to feel the beloved,joy,love,0.8049509
i have not had the best time with feeling accepted at church since starting college and its insanely hard to join a church as a single woman,joy,love,0.80494523
i can see the reason why i am here and i can see the reason why things happened in the past and i am very thankful to be where i am i feel blessed to have my family and friends around me they are my support system,joy,love,0.80494434
i do i understand the feeling to want to save your beloved,joy,love,0.80494124
i feel like i can do anything as long as hes there with me supporting me,joy,love,0.80493563
i was at peace joyful feeling blessed at one moment but then filled with fear dread and absolute anxiety the next,joy,love,0.80493486
i am sure i am not alone in wanting to feel accepted,joy,love,0.8049335
i definitely feel like unicorns are more accepted as real,joy,love,0.80493313
i feel the education system is putting so much more focus on assessment planning etc etc that we have less time to focus on supporting the children and helping them develop as people,joy,love,0.80493206
i also don t have the language at least not right now to describe how this entire experience made me feel i want to say accepted but that is only part of it,joy,love,0.80493116
i will endeavor to be a beacon of love so that our children our friends our family members will know that it is acceptable to be who they are to express themselves as the gender they feel they are to love whom ever they love and to be accepted by themselves and others,joy,love,0.8049273
i think this is a universal feeling that even college students share with the rest of us even though they are often blessed with a great metabolism,joy,love,0.8049272
i feel as though i have been accepted into the blogging community,joy,love,0.804927
i had trouble feeling him respond to my worship i knew he was faithful,joy,love,0.80492514
i don t know how i feel about faith or what i am faithful about,joy,love,0.80492514
i guess the thing is this sensitivity trait leads me to need to feel accepted,joy,love,0.8049243
i am not your average mother in this modern world and i stopped trying to be like other mothers in todays society and the need to feel accepted,joy,love,0.8049192
i feel accepted and therefore am feeling more acceptance of myself a total gift,joy,love,0.8049182
i just want to feel accepted by myself for who i am,joy,love,0.8049182
i can say that i am struggling with god about some things and still feel accepted and loved,joy,love,0.8049158
i feel so blessed to have these at my fingertips and that i never have to worry about where i am going to sleep or where my next meal will come from,joy,love,0.8049112
i feel accepted hours ago,joy,love,0.8049094
i will always remember this momentous event of my life and i feel so blessed because of the wonderful people around me and also because of the people that i work for like jonnet solomon of a href http www,joy,love,0.8049057
i feel so blessed and beyond thankful for the opportunity to paint for my readers its been the best,joy,love,0.80490553
i think it goes back to never feeling accepted when i was growing up a learned internal diatribe i need to let go of,joy,love,0.8049013
i feel accepted unconditionally,joy,love,0.8049013
i did not feel in my soul that god has always been faithful to me,joy,love,0.8049006
i feel that i am not accepted and am forced to hide this part of who i am,joy,love,0.8048958
i feel about korea and my parents but i have somewhat accepted my fate on those issues and i can go about my life without being at least constantly broken up about it,joy,love,0.8048948
i feel like i have accepted my body,joy,love,0.80489343
i have had a life changing experience in uganda and i feel so blessed and grateful for every minute of it,joy,love,0.80489326
i didnt feel stress from this portfolio it determines if i am accepted into student teaching i have been stressed,joy,love,0.804892
i am done trying to be someone i am not just to feel accepted,joy,love,0.8048907
i feel blessed to have a fantastic father and mother that lift me and make the hard times so much better,joy,love,0.8048906
i feel blessed that i am surrounded by people who love me for what i am the way i am with all my imperfections,joy,love,0.80488795
i am and i am not attending as you read in my last post but feel very blessed for the limited interaction i do get to have,joy,love,0.8048863
i cannot deny that i want to feel more accepted in this harsh skinny friendly world,joy,love,0.8048855
ive worked in the spa industry for years and i feel so blessed to be able to share this beautiful information of healing with my guest and now to you,joy,love,0.80488193
i have been at my new store and finally feel accepted as a team member,joy,love,0.804881
i look at him i think of what a miracle his little life is and i feel so blessed that god entrusted him to me,joy,love,0.80487853
i struggle with not feeling accepted and that everyone is better than me,joy,love,0.80487645
i feel blessed to be living in a renewed renaissan,joy,love,0.80487597
i feel so blessed that i got to be with you all day every day for the past weeks brooks its been awesome,joy,love,0.80487514
i had to think feel hope wonder or do something in order to be accepted to be ok with god,joy,love,0.8048718
i found myself feeling more accepted than i ever had before,joy,love,0.80486953
i feel that you have not yet accepted to explore all that led you to the path of anorexia,joy,love,0.8048681
i feel so blessed to feel like i am a part of his incredible family and can only hope that theyll be my official family one day too,joy,love,0.8048648
i feel like ryan is a leader but just from watching him interact for the few hours at the zoo he wants to be accepted by his peers more than he should,joy,love,0.8048642
i think of the people there as a kind of extended family i feel accepted and wonderfully comfortable among them,joy,love,0.8048624
i seldom get the feeling of being accepted and when those people that accepted me turn their backs and reject me it hurts real bad,joy,love,0.8048617
i mean i feel kinda accepted,joy,love,0.8048617
i have seen and been feeling so blessed for the mentors and ladies that have suddenly come into my life that are just loving on me encouraging me and lifting me up,joy,love,0.80486083
i feel quite blessed with the class participation and the profound thoughts that help me simplify and better understand things,joy,love,0.80485886
i feel blessed and undeserving to merely live out his word on this earth,joy,love,0.80485857
i know i know that feeling accepted or feeling like you belong to a group makes everything seem easier but it really is not,joy,love,0.8048562
i feel so blessed and never want to forget the little moments of joy that inspire me,joy,love,0.80485517
i also feel really blessed that everlie is a wonderful baby and hardly cries fusses eats wonderfully and is just utterly adorable,joy,love,0.80485255
i mean i truly feel so blessed to have been chosen for this job,joy,love,0.80484986
i feel looked after blessed and happy with the way things have turned out,joy,love,0.8048496
i feel blessed to have so many new faces and stories surrounding me,joy,love,0.8048491
i feel that i have been accepted and feel truly apart of india,joy,love,0.80484855
i feel blessed to be able to enjoy so many opportunities and freedoms,joy,love,0.80484706
i feel so blessed to have them both helping me to be more comfortable from day to day,joy,love,0.8048466
i feel so blessed to have been a small part of this big day,joy,love,0.8048451
i want to feel accepted by my family,joy,love,0.804845
i feel so blessed and happy to be married to him,joy,love,0.8048444
i feel blessed to have been on this incredible journey,joy,love,0.8048382
i don t i feel i don t belong or am accepted based on what i write,joy,love,0.8048373
i feel accepted and supported,joy,love,0.80483633
i feel so blessed to have been able to take these pictures and hope that it will bring joy to his,joy,love,0.8048352
i am feeling very blessed and breathing deeply knowing that it is within driving distance,joy,love,0.80482996
i feel really blessed to know you and i hope we can remain friends forever,joy,love,0.8048289
i am married to an amazing man named will and feel so blessed that we get to share life together,joy,love,0.8048255
i find attractive and everytime i feel this it kills me inside because i know i will never have a family or be accepted by my parents,joy,love,0.80482507
i feel i am finally at a point where i am at peace and ive accepted it for what it is,joy,love,0.8048245
i never knew existed without feeling judged and accepted me for the vulnerable girl that i was through this whole experience,joy,love,0.8048245
i feel so blessed to be a part of this endeavor to raise for the a href http heartlineministries,joy,love,0.8048238
i miss feeling accepted by my husband and hearing a compliment before a criticism,joy,love,0.8048228
i feel blessed that we have such a strong union,joy,love,0.80481887
i feel blessed to work with her and to know her,joy,love,0.80481875
i am so proud of our team and feel so blessed to have so many people care about us as much as they do,joy,love,0.8048162
i feel blessed that i am still alive,joy,love,0.8048155
i stood there feeling blessed i realized i wanted to express gratitude for being so very blessed,joy,love,0.8048151
i feel maybe they have already accepted him and i am just being blinded by my own anger and hatred,joy,love,0.8048136
i feel really blessed and happy when everyone smiles like that,joy,love,0.8048111
i feel so blessed that i can actually came and watch aaaaall the fashion parade that they arranged,joy,love,0.8048097
i have not managed to blend in despite feeling very accepted,joy,love,0.8048091
i suppose we could have been angry that rollie was taken from us but ive always stuck with the feeling that if god was so gracious to put me at the hospital that night at that time that his calling rollie home was part of something far greater and i could have faith that there was a purpose,joy,love,0.8048071
i had never experienced feeling accepted by them,joy,love,0.8048067
i feel blessed everyday for our little man and love to watch him grow,joy,love,0.8048055
i feel so blessed to live in a nation where i can vote and where my voice can be heard,joy,love,0.80480397
i feel so blessed that she chose us to be her parents,joy,love,0.80480146
i feel so blessed to be able to do this for them,joy,love,0.80480134
i tend to put on a happy face around the rest of the world because i feel i must in order to be accepted,joy,love,0.8048
i feel blessed to see darn good talent right here,joy,love,0.8047966
i feel blessed to say,joy,love,0.8047924
i am still happy and feel very blessed to live my life,joy,love,0.8047902
i feel the need to encourage people who are blessed to help those who arent,joy,love,0.8047897
i feel so blessed for that,joy,love,0.8047872
i am so happy amp i feel so blessed,joy,love,0.80478567
i feel blessed to be married to my best friend,joy,love,0.8047833
i feel like i have to win her approval in order to be accepted into this family,joy,love,0.8047802
i feel truly blessed to have a wonderful network of friends and family,joy,love,0.8047754
i find so much delight in watching him interact with our boys and feel incredibly blessed to have married him,joy,love,0.8047733
i get the opportunity to feel gracious and polite by stopping to allow a car in opposing traffic make a left turn in front of me,joy,love,0.80476606
i feel very blessed every day,joy,love,0.8047597
i feel so blessed to be able to call you mine,joy,love,0.8047558
i am feeling very blessed to have found great dr,joy,love,0.80475324
i know that i should feel gracious just for being a part of the department and getting cast in the roles that i do get but i will always feel like a second seater in the theatre department even now that i have more experience under my belt than most of the undergrad majors,joy,love,0.80475247
i grew older i identified my feelings with want to feel accepted and feel closure from baggage left by mother,joy,love,0.80475104
i feel gratitude for every sweet thing in my life including the kindness of the gentle readers who followed this blog,joy,love,0.8047494
i feel like the lord really blessed me with your friendships,joy,love,0.8047468
i knew if i could just say something profound i would be validated and i would feel wonderfully accepted,joy,love,0.80474293
i feel truly blessed to have him in my life,joy,love,0.80474055
i took so many pictures and feel truly blessed to be traveling through this country,joy,love,0.8047317
i feel god was gracious in allowing the treatment plan to be decided for me,joy,love,0.8047305
i feel so very blessed in this life,joy,love,0.80472726
i have so much to be thankful for and feel truly blessed,joy,love,0.8047244
i walked away feeling so blessed,joy,love,0.804724
i had that same feeling after i was accepted to grad school,joy,love,0.80471665
i feel gracious for those moments when i am alone with my thoughts but hardly alone with all the birds the animals of the forest the life sprouting and fading in my midst,joy,love,0.80470157
i feel soooo blessed to have boys with hearty appetites,joy,love,0.8046983
i have a feeling shes going to enjoy every sweet salty buttery and delicious morsel,joy,love,0.8046938
i am feeling blessed,joy,love,0.8046878
i feel like klaha is such a gracious gentleman and even though he will not read this but if he did that would be super awesome,joy,love,0.8046873
i feel i touch lives an opportunity i am blessed to have,joy,love,0.80468595
i feel that plus a generous dose of gratitude to the lord for protecting us both from greater injury than my little scraped and bruised knee,joy,love,0.80468273
i feel it is my role to fiercely defend these gracious people who do not deserve such scrutiny as what we have had directed at us within the last few days from the national press,joy,love,0.8046805
i am down to my final swath of weeds and i can almost feel that sweet ice cold diet pepsi quenching my man sized thirst when disaster strikes the world takes on a degree slant and the tractor comes to an abrupt stop,joy,love,0.80467707
i am feeling in a generous mood i will give them a good serve because one does develop an eye for the cheese lover who is the easiest to sell to and take advantage of but of course they will always get some generous samples,joy,love,0.8046634
i feel that the goal of showing a sweet colorful and simple version of me is shown in the symbol,joy,love,0.80466294
i feel a hand on my thigh a sweet kiss on my cheek and a soft whisper in my ear,joy,love,0.8046452
i die i feel unbelievably endlessly staggeringly blessed to have known what it means to love,joy,love,0.80464166
i am well aware of how it feels to not be accepted or to not win an award,joy,love,0.80463994
i do feel the urge to eat something sweet everytime i am playing though,joy,love,0.8046214
i feel a sweet ever loving voice a little cute baby push me and she calls me,joy,love,0.8046181
i had mixed feelings about sweet evil i did enjoy it overall,joy,love,0.8046076
i say writing what immediately springs to my mind is new words on a new story or if i m feeling generous rewrites of scenes from old stories,joy,love,0.80460644
i am feelin it everywhere love so sweet fresh and clear thats your love,joy,love,0.80460113
i feel like something sweet i have a few supe,joy,love,0.8046007
i feel the desire for something sweet i now take a banana or some tinned fruit,joy,love,0.8045993
i wrote about four or five new chapters that if i am feeling generous and i write even more can actually be turned into two or three,joy,love,0.80459905
i realize that this feeling will never end nor should it nor is it any reflection on my sweet beloved man that i still long for more of my eternal beloved,joy,love,0.8045945
i feel like cuming twice today sweet mistress yo looking for men puyallup washington united states a href http alt,joy,love,0.8045917
i shall suffer for my belief and if anyones feeling generous and would like to indulge me then i am a size euro please and my birthday is in september img src http www,joy,love,0.8045914
i am feeling pretty gracious for the east grand rapids cops who were actually helpful and secure,joy,love,0.8045912
i could not help feeling that pinch of sweet expectation which one knows will now finally emit a patriotic throb in the heart,joy,love,0.8045909
i feel generous and i follow but mostly i endure it because i like the person and am willing to wait it out until they reach this somewhat artificial goal,joy,love,0.80459017
i feel the smell is sweet and sour like yoghurt laugh out loud,joy,love,0.80458915
i still feel all these sweet feelings of excitement,joy,love,0.80458724
i give lots of my personal money away to those people but i feel our nation is not using its wealth in a generous and caring way,joy,love,0.8045872
i am also feeling gracious and i want to bless you with a few more old tried and true family recipes,joy,love,0.80458623
i feel sweet harpy is neglected because i just might snuggle major man a little more,joy,love,0.80458575
i feel that the last gracious help i can do for him is to let go,joy,love,0.8045857
i have no pictures this post i am too lazy to send them to myself via email but maybe if i am feeling generous i might try tonight,joy,love,0.804585
i don t feel like i lose out from being considerate so surely it s not a problem,joy,love,0.80458486
i had a feeling bernd would have odds this week around to and that is more than generous of the sportsbook,joy,love,0.80458385
i just wanted to write a quick update for all of you because i feel like i owe you an explanation since youre always so sweet in the comments section,joy,love,0.8045799
i watched an entire movie without feeling the need to get up for anything other than to let sweet oscar outside to take care of business,joy,love,0.8045775
i didnt think i needed to work out today given the way i was feeling but then my sweet sissy came and brought me a niteworks lift off at work,joy,love,0.8045769
i feel so overly blessed in this life,joy,love,0.80457443
i are feeling love sweet overflowing wake you in your sleep so you can think about it some more amazing love,joy,love,0.8045729
i am also feeling very generous towards myself and i like my own photos quite a bit these days so i have a tendency of making triptychs or coupled pictures as an avoidance approach to final selection,joy,love,0.80457073
i feel like it s not very gracious to sell a gift or to otherwise get rid of it but there s no sense in keeping something i d never use and trust me i d never use it,joy,love,0.8045701
i thought i should mix it up a little and didn t really feel like anything sweet after that huge piece of pineapple chiffon cake the night before,joy,love,0.8045695
i did not have the courage to share my platonic feelings to the girl whereas in some other cases i was told it was very sweet of you but why cannot we just stay as friends or am already committed to the worse can you come down to my home during bhaifota bengali version of rakhi,joy,love,0.8045676
i feel generous and selfish,joy,love,0.8045674
i can hope that kevin visits vegas again and is feeling generous enough to shower me with beauty gifts hehe,joy,love,0.8045661
i clearly feel that i would like to have sweet things,joy,love,0.8045637
i may not even know and i still can choose how i feel the person in the sweet home can be miserable and feel trapped the person in the cell can feel free and happy,joy,love,0.80456215
i felt like i did everything because i knew i had to take care of my baby but didnt really feel that sweet cuddly feeling everyone describes,joy,love,0.80456185
i feel that they seem a little sweet a little too sweet,joy,love,0.80455405
i am feeling generous one lucky commenter will win a copy of a href http www,joy,love,0.80455405
i am feeling generous i might let them bring the dog with em otherwise the animals are on their own,joy,love,0.8045529
i think i feel the need to symbolically prove my prowess in the arena of exhibiting a gracious home environment,joy,love,0.8045505
i would keep every one for myself but if youre feeling generous you can christmas gift its only days away,joy,love,0.8045504
i love feeling my sweet pea move around,joy,love,0.8045483
i feel like the amount of strechies i recieved from him i should get to cherish the sweet days longer,joy,love,0.8045478
i often think people would be rather shocked if they knew how often i think of miss and feel the loss of my sweet girl now,joy,love,0.80454767
i feel i am a considerate and observant person,joy,love,0.80454665
i feel like posting is recipes of sweet things,joy,love,0.8045464
i was telling rusty that i feel like the sweet innocence that just beams from her is what is the best about this time in her life,joy,love,0.8045445
i feel like if we must share the air then smokers must be considerate and smoke only in desolate places where the closest non smokers around are at least a mile a way,joy,love,0.8045428
i am a happily married man shows me his wedding ring and i swear i am not hitting on you but i just feel this sweet energy from you like i know you but i do not know you right,joy,love,0.80454135
i feel the spirit or see something sweet or even if i am just having a hard day,joy,love,0.80453724
i am feeling generous and do not think i should make you go all the way to the newspaper office to pick up a back issue i shall print the original press release right here,joy,love,0.8045354
i am feeling generous my most recent and favourite of my books before the storm is going to be free as a bird for the next few days so if you hav,joy,love,0.8045346
i feel like i am a really sweet girl and good person who just wants to be come more outgoing and friendly and just can,joy,love,0.80453455
i am feeling generous which actually means i am being a couch potato i may just throw a few more recap posts your way tonight,joy,love,0.80453444
i am feeling generous thats automatically half a year of four days but still a way to go,joy,love,0.80453366
i am feeling kind of sweet and valentiney tonight so here it is days early,joy,love,0.804533
i feel that would be a far more considerate and sensitive approach on the part of employers,joy,love,0.80452865
i was tempted not to share but because i am feeling generous here she is a href http,joy,love,0.8045282
i am feeling generous so that means one lucky bargain mom fan will win via paypal from me,joy,love,0.80452514
i remember feeling that this sweet baby had a hard job ahead of him as shane spoke of all of the troubles in the world,joy,love,0.80452436
i am not feeling particularly gracious today though so what the heck not many people read this blog anyhow,joy,love,0.804522
i didnt really feel an appetite for noodles i chose a bowl of rice with sweet potatoe tempura amp miso soup was included,joy,love,0.80451787
i have a feeling i m going to get more requests to make the sweet amp savory autumn tarte tatin this season,joy,love,0.80451703
i was feeling generous three creative thinkers,joy,love,0.8045166
i am feeling generous today heres the link,joy,love,0.8045157
i am running the marathon as well as the link to donate should anyone feel generous,joy,love,0.8045139
i keep staring into the shimmering emerald shadows and as i do i feel my breath slowing slowing to take in the sweet green scent of corn which tickles me somehow,joy,love,0.8045123
i was feeling generous anyway so why not pray to god to keep them safe,joy,love,0.8045107
i feel that how layed back sweet home alabama is that it would work perfect,joy,love,0.80450755
i am feeling generous today so here is what i am going to do,joy,love,0.80450445
i was feeling generous today i decided to treat my family members,joy,love,0.80450326
i know what i want and how to get it i wil go after it with drive and determination but when people tell me that going at my own pace is quitting i don t feel like the most gracious person in the world,joy,love,0.80450237
i long to hold you and feel your sweet caress i love you,joy,love,0.8045022
i feel like we ve hit the sweet spot,joy,love,0.80450064
i feel about having their sweet family on our street now,joy,love,0.80449986
i feel like these sweet companion animals have been helping me more,joy,love,0.80449873
i return home nothing feels so sweet when i hug my grandma again shes always means more to me and when i get a letter i feel like i could fly,joy,love,0.80449814
i feel sweet about life and friendship and courage,joy,love,0.804497
i feel love in the girls sweet faces in the mornings,joy,love,0.8044967
i adore caramel anything and i feel most sweet things can only be improved with caramel,joy,love,0.8044961
i asked zack if i could go all out and write what i was feeling and he was gracious enough to let me do so,joy,love,0.80449474
i feel that i need to be more generous with my offerings to them especially in hunting and fishing,joy,love,0.80449384
i feel like the universe is giving me a lot of time to train almost a suspiciously generous amount of time to train historically speaking,joy,love,0.8044934
i know it feels like youre dying when youre working out but the sweet refreshed feeling afterwards is all worth it,joy,love,0.8044933
i want to capture this feeling and put it into words so i can again gain the sweet taste in my mouth right now,joy,love,0.8044929
i feel generous,joy,love,0.80449045
i bought a bunch of fruit to have when i am feeling snacky so hopefully it will curb the sweet cravings,joy,love,0.80448776
i was feeling the need for something sweet and i had two little ones that wanted to help,joy,love,0.8044877
i just enjoy feeling my sweet girl move around and knowing that we will be seeing her in weeks,joy,love,0.80448645
i am also a bit sick of feeling like i really really need something sweet no matter how great cake is,joy,love,0.804479
i am feeling a tad generous giving it a three star rating,joy,love,0.80447835
i feel as though ive been trying to be considerate and failing,joy,love,0.80447644
i believe people can still enjoy the feeling of sweet foods without the need to layer it in huge amounts of cocoa,joy,love,0.80447525
i imagine i will feel after i eat the sweet,joy,love,0.8044745
i hated that guy mccoy offered suddenly feeling a bit more gracious towards his counterpart,joy,love,0.80447274
i envision them opening their trunks each day and feeling my love through the sweet note and the easy to find well labeled clothing,joy,love,0.80447227
ive been feeling these years are the sweet calmness,joy,love,0.8044694
i am feeling generous here are a few of my favorite fall fabric finds,joy,love,0.80446315
i am feeling generous,joy,love,0.804463
i was feeling generous,joy,love,0.8044608
i didn t feel like they overtook the story at any point and their presence on page was more to show raven and her relationship with their kids which is very sweet,joy,love,0.8044607
i am feeling generous again this month well i feel generous all the time haha,joy,love,0.8044579
i am feeling really generous as an extra bonus on the day of the blog hop i will randomly select one person from all the comments on this post to receive a goodie bag of beads,joy,love,0.80445766
i get so busy in my day that i forget i am pregnant and then i feel him move and its such a sweet reminder that i have a baby boy growing inside me,joy,love,0.8044561
i feel like ive been a lot more considerate,joy,love,0.8044524
i remember how awkward i use to feel around you how much you use to tell me you miss me and how sweet things used to be,joy,love,0.8044518
i was struggling with these awful feelings and was saying such sweet things about not deserving my and my sisters friendship and we agreed well she was in her car just starting to drive away when she reached out her hand,joy,love,0.80445135
i feel that actually i have a sweet smile,joy,love,0.8044497
i have a natural eye i feel like a sweet girl from georgia,joy,love,0.80444705
id welcome any comments that you feel could help our sweet writer,joy,love,0.80444694
i am feeling superbly generous a dress for miss rosey who also likes it,joy,love,0.80444485
i could feel coming from their sweet hearts for the man i love,joy,love,0.8044394
i am feeling very generous today,joy,love,0.8044382
i know what that feels like and i hate it so i try to be considerate and listen to them,joy,love,0.80443347
i probably ate half of it myself while simultaneously feeling enormously generous for leaving the other members of my family one entire slice each,joy,love,0.80443174
i feel sweet and happy park yoon c,joy,love,0.80443037
i sit at my desk today i am feeling rather generous,joy,love,0.80442333
i feel like if i didnt do half the things i do then i wouldnt have as many friends and if i wasnt as considerate as i am,joy,love,0.80441797
i am in the christmas spirit and feeling generous,joy,love,0.8044178
i had to go to the school nurse he knows me very well since all those times i ve been there and he always asks me how i m feeling very sweet and then the measured our heights and weights,joy,love,0.8044151
i could spend hours just sitting and waiting to feel my sweet boy move around,joy,love,0.8044073
i literally feel my chest expand as my lungs fill with the sweet air,joy,love,0.80440694
i am sitting in a quiet house feeling this sweet baby move and kick,joy,love,0.804402
i just feel like i want to change it again a href http sweet pleione,joy,love,0.8043947
i am feeling rather generous today,joy,love,0.80438787
i gotta say even before he started to have feelings for me he s always been sweet to me,joy,love,0.80438435
i made what you might call a business miscalculation or a cock up if youre feeling less generous,joy,love,0.80436677
i feel like this blog has captured so little of my sweet grace,joy,love,0.8042952
i feel overwhelmed yes i do,fear,surprise,0.76975834
i feel overwhelmed or irritated i drink,fear,surprise,0.7697476
i often look around and feel very overwhelmed,fear,surprise,0.76974684
i feel overwhelmed by my thoughts and feelings during this adjustment period,fear,surprise,0.7697369
i have these moment where i feel completely overwhelmed in life,fear,surprise,0.7697352
i don t recall ever feeling overwhelmed by them,fear,surprise,0.76973224
i feel overwhelmed,fear,surprise,0.76972127
i am experiencing the empty nest i feel overwhelmed,fear,surprise,0.7697178
ive also been feeling extremely overwhelmed by housework,fear,surprise,0.7697164
i have been feeling overwhelmed with my financial situatio,fear,surprise,0.7697006
i indicated then i was feeling quite overwhelmed with work responsibilities teaching traveling and writing,fear,surprise,0.7696994
i still feel a bit overwhelmed,fear,surprise,0.7696982
i am feeling a little overwhelmed,fear,surprise,0.76969254
i was feeling completely overwhelmed and just tired,fear,surprise,0.76967984
i feel overwhelmed and sad wondering how i am going to keep moving forward without him in my life,fear,surprise,0.76967674
i remember feeling overwhelmed,fear,surprise,0.7696756
ive been feeling a bit overwhelmed,fear,surprise,0.76966244
i feel too overwhelmed be it with any kind of emotion music helps so much,fear,surprise,0.7696598
i am feeling a lil overwhelmed again,fear,surprise,0.76965624
i was feeling overwhelmed,fear,surprise,0.76964974
i am feeling overwhelmed,fear,surprise,0.76964813
i have been feeling overwhelmed with all the things that need to be done for your room,fear,surprise,0.7696403
i am feeling overwhelmed again at the kindness of strangers,fear,surprise,0.7696372
i do that because sometimes i feel overwhelmed whether because of people school or just wanting the need to have some time to myself,fear,surprise,0.7696342
i feeling overwhelmed about,fear,surprise,0.7696205
i feel overwhelmed with how right my decision feels to have moved to arizona for this next stage of my life,fear,surprise,0.7696174
i now know the difference too well it s more feeling overwhelmed,fear,surprise,0.7696166
i like being alone in her house because that is when i feel overwhelmed with history,fear,surprise,0.7696154
i was prepared for college and i didn t feel too overwhelmed by the transition from high school to higher learning,fear,surprise,0.76961505
i feel overwhelmed by paying tithe because i often feel torn between giving cheerfully and giving down to the t,fear,surprise,0.7696118
i am feeling overwhelmed by college with everything else that had happened this semester,fear,surprise,0.76961035
i was asked by an acquaintance why i hadnt written in months i would likely express my feelings of being overwhelmed by the work of processing my lived experiences and stringing them into sentences,fear,surprise,0.76960737
i feel weird in this apartment,fear,surprise,0.7695969
i start feeling overwhelmed and i just want to run away and hide in the back of my closet,fear,surprise,0.76959676
i feel some weird plantar fascitis y thing,fear,surprise,0.76959115
i do feel weird making an exact replica of someone else work,fear,surprise,0.76959
i feel weird when i am in the lift with the suit,fear,surprise,0.76958936
i do not know your struggles but i hope you know youre not alone in feeling overwhelmed if thats where youre at today,fear,surprise,0.7695876
i feel weird when i now use that word because of what such person said,fear,surprise,0.7695862
i am feeling a tad overwhelmed by the amount of stuff that needs to be done,fear,surprise,0.7695847
i remember feeling overwhelmed and inadequate kind of like getting a job that you were not qualified for,fear,surprise,0.769577
i feel so weird about this,fear,surprise,0.7695763
i feel weird working out in front of my family for some reason too,fear,surprise,0.769576
i definitely have my moments when i feel overwhelmed because more than one kiddo is crying and i can t just pause life to fix each problem one at a time,fear,surprise,0.7695744
i am feeling a little less overwhelmed today which i am also so grateful for,fear,surprise,0.76957417
i feel weird to knit woolen socks in summer,fear,surprise,0.76957303
i feel weird seeing a gi that isnt my gi,fear,surprise,0.7695719
i am feeling overwhelmed mostly because i feel it all has to be done at once and i cannot decide what to do first,fear,surprise,0.76957095
i feel overwhelmed or insecure i read the stories like that of gideon moses joseph david or joshua repeatedly,fear,surprise,0.76956284
i feel so weird and i do not know where to go,fear,surprise,0.7695581
i ended up feeling so overwhelmed i did need to leave the room and i stood looking out the glass doors for maybe fifteen minutes before going back in,fear,surprise,0.7695565
i feel something strange,fear,surprise,0.7695506
i know i should probably just relax and take a nap or something but after not doing homework for those three days i m feeling completely overwhelmed and behind on everything now,fear,surprise,0.7695487
i am feeling weird and lost,fear,surprise,0.769548
i am not making any plans for november because the thought of anything extra besides work makes me feel overwhelmed and panicky,fear,surprise,0.76954776
i started browsing pricing bras but feel a bit overwhelmed especially when many of the so called good ones cost upwards of or,fear,surprise,0.7695468
i just feel so weird know that its almost over,fear,surprise,0.7695458
i am feeling this weird thing that i have experience when i was about eight,fear,surprise,0.76954466
i am feeling overwhelmed and stressed out and nothing feels right,fear,surprise,0.76954466
i struggle with feeling overwhelmed and buried in not only boxes behind closed closet doors but my emotions too,fear,surprise,0.7695433
i feel soo weird,fear,surprise,0.7695431
i was right they feel so weird,fear,surprise,0.7695431
i certainly hear that you have been feeling overwhelmed and likely really scared and hopeless and out of control,fear,surprise,0.76954293
i feel weird whenever this happens img src http uberhumor,fear,surprise,0.76954186
i feel weird about having headphones in at the grocery store but if you do not go for it,fear,surprise,0.7695403
i think its time to find better stress management techniques and choke back this feeling of being overwhelmed,fear,surprise,0.76953745
i feel so weird not saying goodnight to mike,fear,surprise,0.76953685
i have lost the day and i feel weird,fear,surprise,0.76953584
i get the feeling it has a strange rhythm,fear,surprise,0.7695351
i feel is strange,fear,surprise,0.7695347
i still feel weird about freedom topcoat,fear,surprise,0.7695338
i feel weird about wearing it in public especially if i know kids will be around,fear,surprise,0.7695329
i feel strange today,fear,surprise,0.7695328
i feel as though i have this weird connection to her,fear,surprise,0.7695297
i feel the weird tension i used to feel before i attempted to tell him i like him,fear,surprise,0.7695292
i feel strange all of a sudden,fear,surprise,0.7695252
i still feel a bit weird,fear,surprise,0.7695252
i feel weird asking them why because our friendship doesnt feel ready for that,fear,surprise,0.769523
i like it but i feel weird with adele in the house,fear,surprise,0.7695174
i going to feel weird in my own home with my own family in my own country,fear,surprise,0.7695174
i feel like some sort of strange sterotype,fear,surprise,0.76951724
i tend to feel what others are feeling and many times that leaves me feeling overwhelmed,fear,surprise,0.76951575
i first came back after he d died i did feel weird,fear,surprise,0.76951486
ive started to feel weird typing into this blog always having that box of what its about at the forefront of my mind,fear,surprise,0.76951087
i feel weird saying this but its true they are a very sexy couple,fear,surprise,0.7695097
i still feel a little weird telling people about it,fear,surprise,0.7695095
i feel pressure a strange tightness in the chest,fear,surprise,0.76950747
i am not able to do this alone i am surrounded by his grace to guide me when i feel overwhelmed and anxious,fear,surprise,0.7695051
i am feeling a little weird this morning,fear,surprise,0.7695047
i was feeling so weird that i even didnt understand myself at all,fear,surprise,0.7695009
i am feeling weird alhamdulillah my prjct work addmaths have done,fear,surprise,0.76949865
i feel a little weird when i talk to them sometimes,fear,surprise,0.76949835
i feel weird the next day as i truly do not belong in the setting or with the person,fear,surprise,0.7694982
i don t know why i am feeling all these weird emotions tonight,fear,surprise,0.7694944
i think i personally am more motivated under stress its nice to think about when i feel a little overwhelmed,fear,surprise,0.7694937
i feel i need to report a strange vibrational shift which is taking place at the end of november,fear,surprise,0.769493
i feel weird giving a textbook more than because well who really enjoys reading textbooks let along grammar ones,fear,surprise,0.7694912
i feel so strange and different,fear,surprise,0.7694898
i feel kinda weird when andrea tries to talk to me about chris,fear,surprise,0.769489
i feel strange just tweeting that,fear,surprise,0.76948756
i think to a certain extent i feel a weird mutated version of this concept,fear,surprise,0.7694872
i was at the dentist and the thing they stabb you in the mouth with makes me feel weird,fear,surprise,0.76948625
i would feel really weird getting rid of all my cast t shirts from all of the plays and musicals i did in high school,fear,surprise,0.7694862
i the only one who feels weird about having a shower thrown for them,fear,surprise,0.7694791
i spend most of my life trying not to feel things but with art it is the one thing that i allow myself to be overwhelmed by the experience of perception,fear,surprise,0.7694768
i feel that strange anticipation that seems to be charging the very air this september but i do not know what it means,fear,surprise,0.76947165
ive mentioned before that i was feeling weird and i added nausea to that so guess what that means,fear,surprise,0.76947
i feel look weird with straight hair its growing so quickly lately not that i am complaining,fear,surprise,0.76946896
i have made a list of other things to do but i feel overwhelmed with this time on my hands because paradoxically i do not have as much time as i thought i would,fear,surprise,0.7694683
i had been feeling a weird rubbing on the inside of my right rib i know sounds as weird as it feels,fear,surprise,0.7694656
i have to be on the record and share the fact that i have been feeling weird,fear,surprise,0.769464
i feel so weird but i guess kind of happy,fear,surprise,0.76946306
i have here at uni is going to feel very strange,fear,surprise,0.76945925
i feel like a weird fish outta water most of the time but i think i am getting used to it,fear,surprise,0.769453
i just had this feeling that it would work sounds weird i know but i just felt like she was gonna get it she was gonna figure it out,fear,surprise,0.7694439
ive gotten all of the big things done and i feel like i am at that weird time where i do not want to do the rest too early in case i change my mind,fear,surprise,0.76944
i cannot be the only one feeling a little weird about this can i,fear,surprise,0.76943874
i was left feeling a bit overwhelmed shocked and emotionally exhausted and yet content that i had chosen to visit and learn from somewhere that actually understood the spectrum of what had happened but i was glad that i had left this museum to last,fear,surprise,0.7694347
i actually can agree with deaf people feeling weird about hearing people deluding their language and making money off of it,fear,surprise,0.7694341
i didnt even feel weird about getting on stage in front of everyone i feel like all the presenting ive done in my mba program has helped me get over that even though i was usually fully clothed for those presentations,fear,surprise,0.76943046
i understand that but its so nice not to feel like the weird one,fear,surprise,0.7694295
i am feeling a bit strange tonight,fear,surprise,0.7694283
i am going to tell you about it because it feels weird coming on here and rambling instead of recapping my life and enough things feel weird without adding this on the list,fear,surprise,0.7694277
i feel kind of weird seeing him without nina because of what happened between them but i mean,fear,surprise,0.7694263
i feels so weird that ive gotta plug in my earpiece and starts blasting my songs because my earpiece aint plug in type,fear,surprise,0.7694255
i very slow started into the intersection feeling very strange,fear,surprise,0.76942545
i could feel that strange paralysis all over my body arms and hands except this odd little force field was not holding down my middle fingers forefingers or thumbs,fear,surprise,0.76942503
i always feel that i look weird in it,fear,surprise,0.7694249
i feel in a strange peculiarly beautiful manner,fear,surprise,0.7694228
i think its inappropriate and it makes me feel weird to be addressed by my first name in a teeny tiny year old voice,fear,surprise,0.76942044
i now have real experience and yet it feels very strange,fear,surprise,0.7694146
i will adjust to it but for now it feels so strange,fear,surprise,0.7694138
i was feeling and i just about got through without feeling overwhelmed by an increasing sense of melancholy and vulnerability,fear,surprise,0.7694125
i went to my apartment around o clock with my mother to pick up the most of my stuff feels kinda weird to move out so suddenly and being at home when everyone else is in school,fear,surprise,0.76941115
i didnt feel a thing which was very strange to me,fear,surprise,0.76940817
i just feel weird and strangely passive and indecisive and kind of vaguely anxious and,fear,surprise,0.76940733
ive been trying to figure out whats going on with me all day today because generally i just feel weird for lack of a better adjective,fear,surprise,0.7694069
i woke last saturday feeling strange and maybe,fear,surprise,0.7694035
i feel like there is still a danger that i will at times feel overwhelmed and my response would be to kind of shut down,fear,surprise,0.7694029
i actually like being busy but there is sometimes a fine line between feeling a sense of accomplishment and feeling overwhelmed,fear,surprise,0.7694026
i remember feeling very strange and said i feel like i have had a stroke,fear,surprise,0.769402
i need to silence this paltry feeling everythings just weird,fear,surprise,0.76940113
i feel i understand everything they say and experience a strange kinship though ive never been on an actual battlefield,fear,surprise,0.76939625
i know it s weird to see me call something review i feel weird saying it myself but i digress,fear,surprise,0.7693936
i feel quite strange writing this thinking that there is nobody to read this but hopefully one day somebody will read this blog,fear,surprise,0.7693896
i am not incandescently happy with my life i feel weird writing about it here,fear,surprise,0.7693867
i do think it feels a little strange to stand there as the woman does all the work,fear,surprise,0.7693854
i am getting used to the new baby bump which does feel strange sometimes,fear,surprise,0.7693836
i am feeling really weird and sort of like i want to go to the emergency room and have them put me somewhere so i cannot do anything stupid or sad to myself,fear,surprise,0.7693824
i told her a couple hrs before dinner that maybe we should skip dinner because i didnt wanna make her feel weird or hurt,fear,surprise,0.7693791
i feel like it will be very weird going back home because i have seen and felt things that are very different here than in oregon,fear,surprise,0.76937747
i can t seem to stop writing about christianity in some way and i have to admit that i still feel weird writing about my faith because it is something so personal to me,fear,surprise,0.7693713
i lay there my eyes closed as i thought about how he had made me feel how there had been a strange twang of pleasure through the pain,fear,surprise,0.7693698
i went to the pro evolution wrestling show in trowbridge and i still feel weird and bad that i didnt do my usual weekend of wrestling post,fear,surprise,0.76936895
i walk i pass these offices with people in them feeling weird and embarrassed that someone will notice then entering the meeting i walk to my accustomed seat and i wake up from the dream and sure enough i m not wearing pants,fear,surprise,0.7693683
i feel a little strange pimping my own work but i guess i need to get over it,fear,surprise,0.7693672
i find myself looking up at him which feels really strange as we used to be the same height,fear,surprise,0.7693617
i intend to write more detailed entries but i just wanted to tell you that it feels strange being back here,fear,surprise,0.7693575
ive kind of lost my voice at the moment i feel like i am in a very strange unusual place,fear,surprise,0.7693538
i had to admit it feels a little strange thinking that next week i will be at home getting ready for the baby to come rather than working at tracycakes,fear,surprise,0.76935333
i skip ahead for clarity after the initial overwhelming feelings hit me only to realize it isnt providing any clarity but by then i am so overwhelmed that it is all just swimming before me,fear,surprise,0.76935273
i feel like it will be strange to eat out at a restaurant with a bunch of people i do not know all around,fear,surprise,0.76934683
i will want to blog about in detail is that something feels strange feels funny tastes odd,fear,surprise,0.76934683
i am feeling much like the guy in the pic above a little overwhelmed and starved for time but very delighted to be making new work and preparing my little florida bungalow for thanksgiving guests this weekend,fear,surprise,0.76934594
i as built my academic repertoire i became a lot less different and those very same people who made me feel strange were looking to be my friend so some of my international cool could rub off on them,fear,surprise,0.7693459
i feel like i am just caught in this strange limbo where i am not sure if i am progressing in any particular direction,fear,surprise,0.76934445
i feel dieting is a strange mixture of self loathing and narcissism,fear,surprise,0.76934224
i am so used to doing all of these things it feels strange to hand the responsibility over to others but it feels great,fear,surprise,0.7693401
ive been feeling kinda strange all day because of turning of the clocks i hadnt been aware of it at all so i guess i got a bit confused in the morning,fear,surprise,0.7693368
i have been asking myself some difficult questions in an attempt to understand why i feel this strange push and pull between different aspects of my life,fear,surprise,0.76933324
ive now been in texas for over half a year and there are times i feel as though i am a stranger in a strange land,fear,surprise,0.76932997
i started feeling a bit strange but it passed relatively quickly and all was well,fear,surprise,0.7693296
i really feel like i am starting to get into the swing of things and i fell slightly less overwhelmed with all of the information ive had to absorb about healthcare options for rochestarians over the last two months,fear,surprise,0.76932955
i feel so strange tan is weird i always been pale and you can see all my veins this is a complete new thing for me because honestly i had never been like that not even in morocco or in the mediterranean sun here is wild,fear,surprise,0.7693238
i was standing outside the hotel that evening waiting for a friend to arrive so we could visit over dinner i began to feel after a while that i was getting some strange looks from the passers by,fear,surprise,0.7693223
i am still feeling a bit strange about not having to plan for my year old but i am sure i will get over it,fear,surprise,0.76932144
i will be leaving connor out after the birth but he will obviously feel a little strange that one day he has me all to himself all my attention all the time and the next he will have to share me,fear,surprise,0.76931494
i met a few people that i felt were my friends and i also didnt feel like the weird nerdy one of the group but that also kind of leads up to the next part of this,fear,surprise,0.7693119
i am a fan of the clay masks as like to feel them harden on my face strange i know,fear,surprise,0.76931053
i am beginning to hope and pray that the theme for next year will instead be one of unity as i feel for some strange reason that god is laying this word on my heart in a touching impacting manner,fear,surprise,0.7693065
i was riding to work the bike started feeling very strange a very strong vibration at the back i realised very quickly that i must have had a nail which had punctured the rear tyre and it was going down,fear,surprise,0.7693063
i go in coeur d alene i am surrounded by them and it feels strange to look at them and think all these people are actually as nuts as me,fear,surprise,0.7692999
i believe its not a mistake that i am at christ fellowship even though there are days when i feel like i am a stranger in a strange land and wonder what on earth i am doing there,fear,surprise,0.7692986
i feel my target audience is pretty much everybody and though feeling overwhelmed with that reality i look to a href http lacigreen,fear,surprise,0.76929784
i told her what i was thinking of writing about today how i feel weird feeling so good how i do not trust it how i am more than a little bit afraid of it,fear,surprise,0.7692971
i love the idea of matte nail polish and i enjoy it on others but i feel like it just looks strange on me,fear,surprise,0.7692968
i think as we do more preparing for the holidays it will start feeling like christmas its just so strange not being at home and not having any snow,fear,surprise,0.7692925
i was touching his hair feeling how it slipped past my fingers leaving strange tingling feelings i couldn t stop,fear,surprise,0.7692898
i could feel my face looking a little weird while i was telling the sharks my story and i was worried they might edit the show to include that part and make me look bad but i was happy that they didnt do that,fear,surprise,0.7692868
i feel like each an everyone of our athletes are our kids which in hindsight is strange because some of them are older than me,fear,surprise,0.7692864
i am told that growing pains are good even though they can feel absolutely strange and uncomfortable,fear,surprise,0.7692861
i am flattered i think this means i must be connecting with her and caring for her in a special way but on the other hand it feels a little weird she has a mother and although she doesnt live with her she does see her regularly,fear,surprise,0.76927084
i am really not even that into lip glosses because i feel like they look weird on me but this one is so natural that its imposible for it to look bad on anyone,fear,surprise,0.7692706
i really like the slightly surreal feeling of some of them strange fleeting figures or lonely people isolated in a busy scene,fear,surprise,0.7692344
i have found that nice comfy dent my butt has made on the couch so welcoming so hypnotic and has that aura of where i belong that i feel strange not easing down into it and basking in the glow of vegging out for the evening,fear,surprise,0.76920617
i feel like utah gets the shaft for being this weird place of uber religious people and it somehow rubs off on all of us and beware if we touch you you might become a polygamist,fear,surprise,0.76920444
i had wanted to do that for a long time but and i hope she forgives me for saying this there are so many unspeakables between us about a very hurtful past that i feel very strange writing about her without mentioning any of it,fear,surprise,0.76916623
i have been on the diet and i have tried some dairy cows milk as well and it gives me symptons of nausea emotional upsets usually anger rage feelings i know this seems weird but it is something i have noticed and acne,fear,surprise,0.76914984
i deny that i myself is one of them using ipod almost every time en route which i feel listening is not that strange as it only requires ears,fear,surprise,0.769141
i first meet people and sometimes walking across campus i spot a pretty girl that suits my interest but i never approach her because i feel it may be looked upon as weird or creepy,fear,surprise,0.7691238
i become employed i will slowly replace them with slightly slinkier threads that put a sparkle in my eye and help me feel up for taking on this strange and wonderful thing called life,fear,surprise,0.76905906
during the exam period i studied in the library alone a close friend of mine,joy,sadness,0.75024945
i feel inside cause life is like a game sometimes but then you came around me the walls just disappeared nothing to surround me and keep me from my fears i am unprotected see how ive opened up oh youve made me trust because ive nver felt like this before i am naked around you does it show,sadness,fear,0.71497744
i feel inside this life is like a game sometimes then you came around me the walls just dissapeared nothing to surround me keep me from my fears i am unprotected see how ive opened up oh youve made me trust chorus coz ive never felt like this before i am naked around you does it show,sadness,fear,0.71495587
i didnt feel like a freak or completely helpless and clueless not once today,sadness,fear,0.7142555
i started to think about will be the longest ive left him for in his little life makes me feel as if i am abandoning a helpless newborn,sadness,fear,0.71423805
i feel on this day monday th november i sit here helpless hopeless and foolish,sadness,fear,0.71421564
i didnt often feel helpless,sadness,fear,0.7141708
i feel helpless and inadequate,sadness,fear,0.7141515
i feel helpless and frustrated,sadness,fear,0.71414804
i want to hug my other friend cause i feel helpless,sadness,fear,0.7141144
i can have the worst day and feel completely helpless but coming home to his smiles and hugs keeps me fighting this war,sadness,fear,0.714101
i am just at a loss as to how to help him and i hate feeling helpless,sadness,fear,0.71408784
i listen i feel helpless,sadness,fear,0.71408516
i feel helpless all the time,sadness,fear,0.7140683
i feel unprotected and indignated,sadness,fear,0.7140595
i feel helpless and have to pretend everything is okay,sadness,fear,0.7140499
i sit crying looking silly and feeling helpless as my coworkers look on startle by my sobbing i have never exper,sadness,fear,0.7140315
i do feel helpless nights when i really can t sleep because my mind is running with questions and concerns,sadness,fear,0.7140086
i was left feeling helpless,sadness,fear,0.71399176
i feel helpless and scared and trapped,sadness,fear,0.7139912
i sat feeling helpless like a moment from an episode of the walking dead,sadness,fear,0.71398807
i was electrified that i let myself be and feel unprotected and defenseless,sadness,fear,0.71398234
i ultimately feel so helpless,sadness,fear,0.7139812
i warned him to call the cops but couldnt find anyone nearby making me feel more helpless though he left the place the very moment,sadness,fear,0.7139717
ive been miserably live through hell for two weeks more without internet its like both your hand chopped off you cannot do a single thing and feeling helpless,sadness,fear,0.713959
i am fighting the need to run and hide because my submissive side wishes to stay and work through all my feelings yet exposing them makes me feel unprotected too,sadness,fear,0.7139432
i feel helpless trapped and like a complete and utter freak,sadness,fear,0.7139425
i feel helpless about not being able to help him in feeling better but do my best to encourage him and think positively as mom is doing,sadness,fear,0.71394116
i feel so helpless and worried not only worried about my own mental health but also and especially sick with worry when i think of the creepy illness of my blue friend hes only in his forties he cannot just die can he,sadness,fear,0.71393377
i cannot control wall street or corporate fraud or even how my own elected officials conduct themselves i feel helpless and frightened for my own financial future so i am going to find some way to control something,sadness,fear,0.7139269
i am feeling very unprotected by my doctor,sadness,fear,0.7138852
i pay attention it deepens into a feeling of being invaded and helpless,sadness,fear,0.7138737
i feel completely helpless and worry stricken,sadness,fear,0.7138673
i have been conveniently uninformed of the specifics of the situation i am left feeling helpless and wanting more than ever to get away,sadness,fear,0.7138617
i am feeling helpless please help me,sadness,fear,0.71385294
i ultimately feel so helpless hours ago,sadness,fear,0.7138417
i want nothing more than to continue this journey empowering women who because of their illness feel helpless and isolated,sadness,fear,0.713827
i feel so helpless about the whole situation and my best friend doesnt even understand me,sadness,fear,0.71382034
i feel helpless the pain of the world is piercing my mind needle without a master to control it endless,sadness,fear,0.71381783
i am feeling so helpless,sadness,fear,0.7138067
i remember feeling so helpless i had been a mother for no less than hours and i had already failed my daughter,sadness,fear,0.713797
i feel so helpless right now like ive done everything that i feel that i could have to make me seem like a worthy applicant for god sakes ive had perfect grades my entire educational career and i am like super involved in my music literally i do any extra curricular that involves music why colleges,sadness,fear,0.71379334
i feel so helpless and lost,sadness,fear,0.71379215
i am nowhere perfect but i feel helpless to save my family because they are so far away,sadness,fear,0.71379167
i went home feeling so helpless,sadness,fear,0.7137874
i received support from family and friends i found myself at times feeling helpless,sadness,fear,0.71378285
i feel helpless when faces with cases where psychiatrists have already given their verdict major depressive disorder or psychotic breakdown or one of the other odd diagnoses they have safely noted in the dsm,sadness,fear,0.71378285
i don t want to suspend anastasia but i want to restrain her make her feel completely helpless so not only she surrenders her body to me but she learns to take possession of her own mind and consequently her own body controlling them both,sadness,fear,0.71375215
i just sat there next to the bed feeling so helpless and so much pain on behalf of my sweet newborn,sadness,fear,0.71375006
i cannot help feeling helpless useless and inefficient,sadness,fear,0.71375006
i feel i can make and own my own choices the reason i feel fairly helpless about the role of women in the church is because i can only affect my own sphere,sadness,fear,0.7137484
i feel so helpless because love can be so cruel,sadness,fear,0.7137482
i feel so helpless because were long distance,sadness,fear,0.7137245
i am very passionate about what people with mental illness deserve but i feel so helpless to do anything,sadness,fear,0.713706
i don t feel as helpless,sadness,fear,0.71370316
i would also feel more helpless in seeing good people children of god being hurt physically and spiritually and not being able to do anything about it,sadness,fear,0.71367747
i feel almost as helpless as they do because anything i would try to do would be so miniscule,sadness,fear,0.71367747
i feel so helpless but i can say i am a caring mom who has a lot of empathy for my daughter and others,sadness,fear,0.7136697
i feel so helpless but so well protected,sadness,fear,0.7136405
i feel somewhat helpless when i repeat the same prayer over and over,sadness,fear,0.71363467
i feel so helpless here watch my eyes are filled with fear tell me do you feel the same hold me in your arms again ellie goulding,sadness,fear,0.7136318
i always dream she is suffering and dieing and i cannot help her which makes me feel even more helpless,sadness,fear,0.71362543
i am still feeling just as helpless and powerless now as i did then,sadness,fear,0.71358657
i sat in my tiny chair hoping for the noodles to come soon and feeling rather helpless stupid hopeful mechanics abound idiotic,sadness,fear,0.71356696
i was in the hospital for complex surgery it gave me a whole new understanding what it feels like to be helpless and totally dependent on the good will of others,sadness,fear,0.7135604
i feel completely and utterly helpless,sadness,fear,0.7135319
i feel so helpless when you get out of breath after only a few steps,sadness,fear,0.71352905
i feel so helpless without a camera to shoot pics of all the thrifty things i find and my beautiful flowers etc,sadness,fear,0.7135197
i feel myself helpless when it comes to express feelings,sadness,fear,0.71348214
i feel assaulted dizzy and reeling,sadness,fear,0.7130354
i know i don t like my picture taken but i feel almost assaulted by the lens as it s pointing at my face,sadness,fear,0.71286905
i feel as if wellington is being visually assaulted by billboards with photos of smiling white upper middle class candidates,sadness,fear,0.7127537
i wouldn t feel assaulted by other people s emotions any more,sadness,fear,0.7127262
i feel assaulted every weekend because of the hate speech from sidewalk preachers mr,sadness,fear,0.7127226
i dunno but i still feel kind of assaulted in a really good way,sadness,fear,0.71264064
i already feel inhibited about letting my views be known,sadness,fear,0.71262205
i do understand the feeling of helplessness that jeremiah must have been assaulted with when he penned his lamentation,sadness,fear,0.7125385
i feel i was assaulted or sodomized,sadness,fear,0.71252376
i feel as if my grandmother inhibited my childhood by living through my mother financially,sadness,fear,0.7125199
i feel inhibited when seeing you in the office,sadness,fear,0.7125095
i miss socializing but i feel rather assaulted by the world lately,sadness,fear,0.7125029
i feel inhibited,sadness,fear,0.7124815
i have artist block i feel inhibited i plan in editing the hatching out,sadness,fear,0.7124807
i just feel so inhibited sometimes,sadness,fear,0.71245736
i would feel less inhibited in my creative therapeutics if i wasnt distracted by street or foot traffic especially by police,sadness,fear,0.71240777
i always leave feeling like i have just been sexualy assaulted even though i never shred one article of clothing,sadness,fear,0.7123896
i feel so inhibited around my parents,sadness,fear,0.7123853
i feel inhibited by not being sure how to say what i want to,sadness,fear,0.71237594
i really want to ask about her life but feel inhibited,sadness,fear,0.712375
i feel like the saddle got in the way or inhibited my power output,sadness,fear,0.7123276
i believe that they all still come into play whenever i feel inhibited,sadness,fear,0.7122694
i feel inhibited from ever saying those three words to him again in the fear that soon to come will be a repeat of before,sadness,fear,0.7121835
i signed it with a careful hand to show my own worth when i am feeling inhibited,sadness,fear,0.7121175
ive been feeling less inhibited,sadness,fear,0.7121121
i have where it s possible for me to just talk without feeling inhibited by something,sadness,fear,0.71199536
i feel like i am being greatly inhibited by my surroundings,sadness,fear,0.7118584
i am already starting to feel less stressed,sadness,anger,0.6691496
i know what the problem is i feel less stressed in one way and am back on track with eating better,sadness,anger,0.6691149
i am working on something like a dress and i feel pain i cannot stop working my mind has to finish it or else i get really stressed about that too,sadness,anger,0.668992
i had had a feeling like that before when i was stressed so i thought it would just go away,sadness,anger,0.6689622
i may not necessarily feel very stressed out i very well could be,sadness,anger,0.6689196
id never do but i woke feeling stressed,sadness,anger,0.66891223
i will have a cup of green tea in the afternoon too with no added sugar when i m feeling stressed at work,sadness,anger,0.6688642
i will feel a bit less stressed and overwhelmed with everything,sadness,anger,0.66883415
i will not lie this week has been abit of a difficult week for me ive been feeling very stressed and anxious this week plus i think i am coming down with the flu but it has definately helped me to appreciate the little things,sadness,anger,0.66879934
i must admit i feel a bit stressed as i think of these two months ahead,sadness,anger,0.6687899
i ran i began to feel stressed because i wasnt running faster,sadness,anger,0.66878223
i don t feel stressed,sadness,anger,0.6687675
i think it s important to have at least a couple of rooms in the house relatively put together for the eye to look at and not feel stressed over,sadness,anger,0.66876596
i blog about what i feel i blog when i am stressed,sadness,anger,0.66875994
i have in my life right now made me feel less stressed out and reminded me of who i am and where i came from,sadness,anger,0.668743
i start to feel very stressed,sadness,anger,0.66872865
i cannot imagine why so many feel so stressed or disengaged from their jobs,sadness,anger,0.668705
i quite like to do it standing on public transport or busy places when you often feel your space being invaded which can make you feel stressed,sadness,anger,0.66868854
i put the chicks in the coop in the evening closed the door and walked away feeling stressed out happy and care free,sadness,anger,0.6686863
i feel lots less stressed now that i have started to structure my days in this challange i am so much more aware of when i am doing what s in the plan work or rejuvenation or when i m going down a rabbit holes,sadness,anger,0.6686711
i also feel less stressed about how much sleep i am getting and what time i go to bed and how long it takes to get to sleep,sadness,anger,0.66866785
i got caught for my nails and i started tearing for no reason pei ee thinks i am feeling too stressed,sadness,anger,0.66865915
i attended a free individual academic consultation which has helped me manage my time efficiently so i can fit my classwork activities and social life all in one day without feeling completely stressed out,sadness,anger,0.6686511
i wish you would stop taking that ball from my pool table making it very hard to play and placing it in front of you using its proximity as an excuse for why you are feeling so stressed,sadness,anger,0.6686333
i didnt feel any more stressed on this trip because i typically plan ahead and pay attention to details,sadness,anger,0.6686298
i feel so stressed,sadness,anger,0.66861755
i can make it work harder for me by trotting it out in those times when i am feeling stressed or less than creative and stop holding myself hostage to the need to top myself or always do something new,sadness,anger,0.66861415
i feel genuinely stressed with work,sadness,anger,0.6686008
i will certainly look out for similar things to buy the next time i am feeling stressed by circumstances over which i have little or no control,sadness,anger,0.668598
i feel stressed i choose not to do the thing that can help me,sadness,anger,0.66859585
i am alternately feeling stressed and blessed,sadness,anger,0.668595
i remember at the time feeling so stressed about it like it was the biggest deal in the world,sadness,anger,0.66858923
i noticed that i was feeling very stressed and anxious and i just couldnt quite put my finger on why,sadness,anger,0.6685867
i feel stressed i will meditate free on itunes,sadness,anger,0.66857123
i am too often verbatim the doer shes describing feeling far more stressed at the thought of sitting still than running frantically on behalf of my list,sadness,anger,0.66857016
i feel very stressed and angry with my children and i cried for hours yesterday,sadness,anger,0.6685468
i feel stressed to some extent because of the job people must be stressed but they are strong enough to sustain their motivation,sadness,anger,0.6685292
i feel so stressed and tired,sadness,anger,0.6685274
i use that to relax sometimes if i m feeling a little stressed,sadness,anger,0.6685072
i was feeling more stressed than ever and utterly tired,sadness,anger,0.66849744
i feel stressed about the other unit i have due in weeks its never ending,sadness,anger,0.66849196
i noticed the ear and has continued throughout the night even though i don t feel stressed about bea s health right now,sadness,anger,0.66847664
ive been feeling a little bit stressed of late,sadness,anger,0.6684726
i had during these period of time be it feeling stressed stoned or even at times when i feel like giving up its all over and i just need a break from all these continuous datelines,sadness,anger,0.6684701
i use stress away topically on myself or diffuse when i am feeling you guessed it stressed,sadness,anger,0.66846126
i find myself cleaning when i feel stressed out or i m upset about something,sadness,anger,0.6684588
i love having my children over and enjoy their company but feel very stressed after they have gone because now i have to put everything back in its place,sadness,anger,0.66843694
i am feeling stressed i know that a cup will put me at ease,sadness,anger,0.668426
i was feeling quite stressed up about all the audition stuff,sadness,anger,0.66841805
i notice myself start to feel stressed or sad or angry or in love,sadness,anger,0.66840297
ive been feeling a little stressed and overwhelmed,sadness,anger,0.6683897
i feel financially stressed i am able to meet my monthly expenses and my out of pocket monthly expenses are more than i thought they would be,sadness,anger,0.6683741
i remember feeling so stressed after though and told myself i wouldnt do it again haha,sadness,anger,0.6683688
ive been feeling pretty stressed lately,sadness,anger,0.66836196
i have been feeling a little stressed so off we went down to oak island and a little time at the beach,sadness,anger,0.66836053
i caught my breath a little yesterday and am feeling a lot less stressed in my procrastination to do my excercise workout i got a lot of those piddly little things done that seem to weigh me down,sadness,anger,0.6683525
i think this would be something i would use when i was feeling stressed and just wanted to relax,sadness,anger,0.668349
i was feeling a bit stressed by the end hobbiton a href http www,sadness,anger,0.6683466
i am feeling stressed i generally take a nice hot bath and indulge in some seriously pampering body products,sadness,anger,0.6683179
i am feeling so stressed out right now,sadness,anger,0.6683173
i feel stressed out tis a friday night and i want it to be good and i want it to be a good night i faackin want it to be a good good night but i gotta feeling wooooo hooooo that tonight s not gonna be a good night that tonight s not gonna be a good night that tonight s not gonna be a good good night,sadness,anger,0.6682809
i am feeling stressed and out of sorts when i am at home and its mainly because the house is such a nightmare toys everywhere mess dirty plates piling up in the sink dirty washing as the washing machine has decided to pack in,sadness,anger,0.66821665
i am feeling stressed out and press them they are supposed to help,sadness,anger,0.6682153
i have to be very careful about what i eat for my health so a naturopathic doctor i recently saw was concerned when i told her that wendy s is my go to place when i am feeling stressed out,sadness,anger,0.66820526
i feel so stressed out i choose to let it go and have a joyful holiday experience,sadness,anger,0.66818064
i woke up feeling majorly stressed out,sadness,anger,0.6681531
ive been feeling a little stressed out lately so it was quite a therapeutic experience and a different way to spend sunday morning,sadness,anger,0.6680704
i feel that we are the most hated ppl on the experience of the earth,sadness,anger,0.6678851
i had a problem with him but because i had a haunting feeling i was becoming someone i hated,sadness,anger,0.66786784
i wrote here because i always wrote here even when it was starting to feel like a job that i hated,sadness,anger,0.6678476
i know how you feel yesterday i was being hated on,sadness,anger,0.6677991
i feel like my only friend is a girl that i hated weeks ago,sadness,anger,0.667791
i feel like i should be hated and that everything that has happened to me is what i deserve,sadness,anger,0.6677692
i remember now the useless feeling of being single that i hated then and still hate now,sadness,anger,0.66773844
i feel jesse did this interview for one reason and one reason only he doesnt want to be the most hated man anymore,sadness,anger,0.6676484
i wasnt going because i didnt feel like it because i hated school the truth was i didnt go because i was i couldnt,sadness,anger,0.6676113
i have the feeling this blog might be rated as most hated from readers,sadness,anger,0.66759855
i feel like there s almost a little too much pride and those people wonder why they re getting hated on,sadness,anger,0.66758996
i feel like i m going to be hated very soon for being the liar that i am,sadness,anger,0.66755515
i wonder exactly how i am supposed to feel about her because there are times when i hated her times when we got along fine and times when she made me feel stupid and worthless,sadness,anger,0.6675172
i know this sucky feeling will soon fade away cos i hated temasek sec when i was sec,sadness,anger,0.6674721
i feel like i am being hated and sometimes i feel i am being loved,sadness,anger,0.6674596
i walked away from you like how you did maybe then youd know how i feel when you chose to let me go i did hated you so much that i even cursed you every single minute hoping that youll feel guilty and bad for what you did,sadness,anger,0.6674419
i always had the feeling bon eer leonard hated being called by his first name and calling my best friend mccoy all the time bothered me so,sadness,anger,0.6674387
i get people asking me what it feels like to be the most hated man in dallas county said assessor steve helm,sadness,anger,0.66743475
i even got in on the action and shed some tears and really let loose about how i feel about all this and about him and oh did i mention i hated you and heres why,sadness,anger,0.6674092
i hated how it makes me feel for awhile i hated music,sadness,anger,0.66739047
i feel like i should have actively hated every single second rather than just borne it all,sadness,anger,0.66738445
i feel now i always hated being alone i hate that the worlds cold now,sadness,anger,0.66738105
i do not play any other sports because i feel like sports involving balls have too much rules also i would be hated by everyone if i gave the ball to someone from the other team by accident and i do not like disappointing people who depend on me,sadness,anger,0.66736823
i feel like i was going to die but i felt that god hated me and was out to get me,sadness,anger,0.6673607
i was only conscious of the feeling nay the certainty that i hated it here in the waking world and i wanted to be left alone to keep dreaming,sadness,anger,0.66732734
i feel fuk up there is one thing i hated the most is you,sadness,anger,0.6673103
i go to the church service not youth i feel like i am hated and i know i am not the only one,sadness,anger,0.66727316
i feel after i quit a job i hated class thumbnail width,sadness,anger,0.66726863
i used to feel when i was a kid and that happened and how much i hated adults for making up rules like just after something gets really good like vacation it has to end,sadness,anger,0.66726476
i hate the feeling that i will be hated or get people mad at me if i want to go out to a movie or see friends on the convient weekend night instead of during the week,sadness,anger,0.66725856
i feel i just hated the world,sadness,anger,0.6672508
i did everything in my power to avoid the feeling of being hated by all means necessary,sadness,anger,0.6672451
i know you say you don t but there s a lot of anger that i m on the receiving end of and it s just how i feel i probably deserve to be hated too,sadness,anger,0.6672425
i was talking a lot to david i started feeling that way and i hated it,sadness,anger,0.66719663
i feel hated on a href http www,sadness,anger,0.66718674
i feel i am being hated feeling lonely in december facing hardships that we cannot bear,sadness,anger,0.66718
i somehow feel hated,sadness,anger,0.66717
i really hate the feeling of being hated by many for some reason i just can t pin point,sadness,anger,0.6671615
i feel especially strongly about this since i have hated my teeth forever i,sadness,anger,0.66715586
i feel like i am being hated by them,sadness,anger,0.66714215
i hated feeling this way and hated constantly beating myself up,sadness,anger,0.6671421
i know some would totally enjoy this feeling but i hated it,sadness,anger,0.66711247
i was dilated to cm and my doctor broke my water weirdest feeling in the world and i hated it and i was having frequent small contractions that were tolerable but less crampy and more contractiony,sadness,anger,0.6671087
i will always be here to help you and guide you through your times of misery and the times you feel hated,sadness,anger,0.6670886
i used to love their style fashion vise it has such a nice synthetic feel to it laugh out loud but i hated their music particulary the vocals although i thought most of their melodies sucked too,sadness,anger,0.6670817
id feel like they hated me or want revenge,sadness,anger,0.66701096
i am pretty neutral with her these days not a day went by starting for a very young age that i didnt feel like i hated her,sadness,anger,0.6669879
i feel i rather be hated than loved by people i m disgusted by,sadness,anger,0.6669875
i decided to go with the last one because it didnt make me feel like my own mother hated me,sadness,anger,0.6669446
i know what it is like to feel hated to be miserable to stay awake at night fretting over the next encounter,sadness,anger,0.6669331
i made some amazing friends and even best friends in dover and they never made me feel like i hated the questions they made me feel like they were interested in who i was,sadness,anger,0.666901
i question things i do to this day and i wish i didnt feel like most of the world hated me but there is not much to do about it,sadness,anger,0.6668995
i feel i would have hated to get my career going then take a break for a year or more when i decided to have a child then go back then take more time off for the next child etc,sadness,anger,0.66689175
i feel hated because you ignore my love and all good that came from what we had,sadness,anger,0.66678524
i do not mean that i know exactly how youre feeling cause i hated it when people who didnt know how i was feeling said that they knew but i do get a jist of what you are feeling,sadness,anger,0.6666897
i cannot remember ever feeling like i hated my body because i think that i had just excepted the fact that i was overweight,sadness,anger,0.6666816
i havent been mean or spread rumors or told people about the things that happened between us i might have ignored him or made him feel like i hated his guts,sadness,anger,0.6666777
i explained that no one ever respects me and i feel hated blah blah blah,sadness,anger,0.6666652
i believe you but if what i believe is so deeply knit into the core of who i feel i am i feel hated at the crass dismissal of my thoughts b c richard dawkins has convinced us differently,sadness,anger,0.6666206
i desperately want to be where i once was not afraid to exercise live a life without having to weigh the likelihood that itll throw my bipolar into a spin trust people and not feel hated or judged,sadness,anger,0.666618
i was sitting in the corner stewing in my own muck feeling hated alone unworthy and violated,sadness,anger,0.66659755
i cannot say how many times i been in this position and almost always am left feeling like the hated person thats known as some kind of informant or something,sadness,anger,0.6665817
i feel like i hated this so much that now whenever i say no to someone i give them reasons why i am saying no and explain to them why i cannot be persuaded another way,sadness,anger,0.6665645
i to feel hated by them or anyone,sadness,anger,0.66645956
i should make every effort to get inside the passion not just staying with external sufferings but entering into the loneliness the interior pain of rejection and feeling hated all the anguish within jesus,sadness,anger,0.6664461
i feel hated i feel bad,sadness,anger,0.6662112
my boyfriend an i seperated on his initiative,sadness,joy,0.65293413
when i went to a job interview,joy,sadness,0.65129644
i cannot help feeling this way,sadness,anger,0.60058594
a relationship in which i had put my trust,sadness,joy,0.57805574
after an operation i had to stay in bed for a long time,sadness,fear,0.5378541
i go through this weird funk where i am either totally blank and feel nothing or i cannot stop thinking about it or i am just kind of agitated at the world in general,anger,fear,0.5361096
i wrote it feeling a bit hyper agitated and so on and then i realised that i accidentally hadnt taken my medication for a couple of days,anger,fear,0.5359262
i could feel him getting agitated as we started with the basics,anger,fear,0.5359233
i feel twitchy and physically agitated,anger,fear,0.53592193
i do not really know why i am making this entry i feel really antsy and agitated,anger,fear,0.5359009
i feel myself being agitated,anger,fear,0.5358867
i can just feel the anger and the jitters of being agitated spread through my body as i lie down,anger,fear,0.5358777
i feel so agitated in my mind and my body is so tense,anger,fear,0.53586304
i am feeling as though i am a little agitated today,anger,fear,0.53585076
i am feeling fucking agitated about something,anger,fear,0.53584516
i shall always feel agitated and disturbed at your tribulations and sufferings and out of my distress and anguish i shall lament ceaselessly for you morning and evening and in place of tears i shall shed blood for you,anger,fear,0.5358289
i am not a writer neither professional nor freelancer but i feel so agitated over the happenings of jammu that i am forced to write something,anger,fear,0.5358284
i feel so agitated,anger,fear,0.5358231
i feel rather agitated,anger,fear,0.53579694
ive started feeling like almost nothing is worth getting agitated about,anger,fear,0.5357937
i feel so agitated and on edge,anger,fear,0.5357915
i feel quite agitated,anger,fear,0.53578895
i just feel soooo agitated luh,anger,fear,0.53578824
i feel so agitated and i cried in the bus,anger,fear,0.535767
i have to admit i wasnt sure i would like it but i really really did and it just makes me feel even more agitated being back,anger,fear,0.5357625
i catch every traffic light or i have just underestimated the journey i may begin to feel agitated cursing other drivers and blaming all manner of things for the blemish on my record of punctuality,anger,fear,0.53574765
i feel really agitated right now,anger,fear,0.5357448
i feel like i agitated him too much with kisses and hugs i was too clingy sigh stupid stupid stupid foolish me,anger,fear,0.535722
i felt good but i was also feeling very agitated,anger,fear,0.535707
i will not feel agitated anymore,anger,fear,0.53568715
i flipped around in bed feeling more and more agitated as i had to get up for work in three hours,anger,fear,0.53567916
i was feeling very agitated and er,anger,fear,0.5356773
i feel so agitated because of my transition,anger,fear,0.53567684
i hope i didnt hurt wills feelings but it kinda agitated me and feelin how i was feelin really didnt help after i got my well immma go to bed line,anger,fear,0.53567636
i cannot listen to it again because it made me feel agitated,anger,fear,0.5356763
i feel so agitated and unsettled and its making me impulsive,anger,fear,0.5356704
i do not do my homework i feel agitated and empty,anger,fear,0.5356555
i was feeling more agitated than usual,anger,fear,0.5356548
i cannot at least say goodnight i feel agitated,anger,fear,0.53565025
i meet new people and allow them to get to know me i always feel somewhat agitated,anger,fear,0.5356472
i see that over the past year with c i was so afraid that she was going to leave me behind eventually that i feel agitated and resented when she came to me for help because i felt like she was taking what she needs and she will leave,anger,fear,0.5356364
i don t know i m feeling very agitated can t seem chill out nit what do is the question hmm changed my mind again snuggle time chilling sic,anger,fear,0.5356314
i am feeling so agitated today,anger,fear,0.5356305
i feeling so agitated right now,anger,fear,0.5356302
ive been feeling completely agitated with my love life or lack there of,anger,fear,0.53562725
i remind myself or am reminded of my passions and opinions i just feel incredibly agitated and frustrated there is this ball of energy with no channel to travel,anger,fear,0.5356243
i feel slightly agitated and anxious today,anger,fear,0.535613
i feeling so agitated,anger,fear,0.53561056
i was feeling much more agitated than usual had difficulties sleeping and constantly required my parents presence,anger,fear,0.5355998
i admit to being a bit of a neat freak but i feel agitated when my house is in a state of disarray,anger,fear,0.53558666
i am feeling extremely agitated now,anger,fear,0.53557837
i think about how old i am and the shit i have yet to see it sometimes makes me feel agitated,anger,fear,0.5355783
i am feeling agitated about pats and my upcoming trip to israel,anger,fear,0.53556967
i feel agitated though,anger,fear,0.53556955
i feel agitated and effortlessly irritated,anger,fear,0.5355618
i am feeling slightly agitated,anger,fear,0.53556156
i am awake but feel agitated,anger,fear,0.5355615
i am starting to feel slightly agitated and tell the officer that i am not going to leave the car,anger,fear,0.53555924
i still feel agitated but because the future is new and unknown,anger,fear,0.5355493
i feel agitated for some odd reason,anger,fear,0.5355491
i think people feel agitated because they know youre coming back,anger,fear,0.53553474
i am energetically pursuing my goals or i feel agitated and unable to sit still,anger,fear,0.53553283
i am feeling very agitated and have decided this year i am going to be proactive and follow by dream,anger,fear,0.5355312
i am feeling agitated this evening,anger,fear,0.5355284
i also start feeling agitated and even melancholy,anger,fear,0.535528
i sure feel agitated in search of an undefined dream or goal,anger,fear,0.53552127
i feel agitated when i haven t done it for a while i crave it i become transported when i m doing it and i feel a bit high when i ve finished,anger,fear,0.53551966
i says pressing his torso against siwons and bringing their faces close enough that he can feel siwons agitated breath,anger,fear,0.5354892
i am feeling agitated and angry that nothing is working out for me,anger,fear,0.5354616
i spent the time in between doing things in physical discomfort feeling agitated mostly in my hands like they were vibrating and very irritated,anger,fear,0.53546035
i remember feeling agitated and annoyed a few years ago when an ex girlfriend we were together at the time had gone to bed at midnight and was still in bed at three in the afternoon,anger,fear,0.53544474
i found myself feeling agitated,anger,fear,0.5354317
i began to feel agitated slightly dizzy amp very hungry,anger,fear,0.5354213
ive continued feeling a bit agitated however i feel like i have more options,anger,fear,0.53539544
i think the last time that happened was about years ago i jumped up feeling agitated and cranky,anger,fear,0.5353851
i came home from work because i was feeling agitated and i just started talking to my cousin on the phone as if that was going to make things better,anger,fear,0.5353778
i start to feel agitated i just tell myself to calm down and i refer back to those verses,anger,fear,0.5353401
i started to feel agitated often i would get up and walk away for a while,anger,fear,0.5352931
i feel agitated cranky and upset,anger,fear,0.53527254
i am still feeling agitated and want to just grab some sweet goodies and stuff em in my mouth,anger,fear,0.5352254
i never want to diminish the pain ocd has placed on peoples shoulders and so i speak only for myself when i say there is and has been worse to go through than the burden i feel i think to watch my children starve suffer or be tortured would be much worse,anger,fear,0.5332388
i have learned that i can be a more disciplined person and that a balanced schedule is possible without feeling tortured,anger,fear,0.5329403
i really believe that my heart to heart conversation with jenn jen last night has made me much more aware of my daughters pain and discomfort and tonight i am feeling tortured and tormented,anger,fear,0.53291905
i can work all day in a gorgeous raw vegan cafe and not feel tortured over the food i m choosing not to eat,anger,fear,0.5328941
i was screaming at the top of my lungs no exaggeration on that as the pain was horrific and i ended up feeling like i was being tortured,anger,fear,0.53285253
i can just put a leash and guide them to school which will then stop making my shoulders hands and back feel so tortured boohoohoo and ohya had lousy lunch today,anger,fear,0.5328389
i cannot really give up either but i can avoid them to spare them my company and me feeling tortured,anger,fear,0.5328119
i have half a dozen in bloom in my backyard and i must admit i feel almost tortured by their beauty these spring days,anger,fear,0.53272545
i feel tortured when i think of others,anger,fear,0.5326785
i hate that the thought that you might feel tortured by it on a daily basis or feel dread when opening the site rather than eager anticipation,anger,fear,0.5326585
i feel tortured by god everyday,anger,fear,0.53262717
i am feeling tortured every time i have to get on the treadmill going back into the hot room seems like a good idea,anger,fear,0.53259313
i feel as if i have been tortured with soft pillows and made to sit in a comfy chair for a while today much better than the bed of nails and the rack i was tortured with on monday,anger,fear,0.53259265
i do feel very tortured by these feelings,anger,fear,0.5325616
i want to be able to enjoy things and not feel tortured and dissociated all of the time,anger,fear,0.53253907
i hate feeling like i am being tortured via a knife in my intestines,anger,fear,0.53253406
i had to listen to puff daddy for hours at a time i d feel tortured too,anger,fear,0.5325319
i fix this so that i can just live again without feeling tortured like this,anger,fear,0.53250134
i am so impatient it feels like i am being tortured,anger,fear,0.53248674
i feel tortured even though i still focus on happiness and good things happening around me,anger,fear,0.5324621
i feel even more tortured by my nightmares as of late,anger,fear,0.53245836
i made it through work despite feeling like i was being tortured the entire time,anger,fear,0.5324407
i need that feeling of being deliciously tortured by stimulation then broken down to the subspace then brought back and taken care of,anger,fear,0.5324068
i really feel like i am being tortured,anger,fear,0.5323944
i feel like i ve been tortured by a href over the past week i feel like ive been tortured by catherine just like catherines protagonist vincent was tortured by catherine over the course of the week in which catherines story takes place,anger,fear,0.5323748
i have held in honor even if with great difficulty and feeling like i am being tortured in the process,anger,fear,0.532316
i feel like ive been put here to be tortured teased disapointed with life,anger,fear,0.53230464
i feel like i am being tortured by pretty much everything,anger,fear,0.5322861
i feel like i have been put on this earth to be tortured by this,anger,fear,0.53227466
i leave to your imagination the feeling of disappointment which tortured us,anger,fear,0.5322351
i feel that it happens and i am tortured,anger,fear,0.5322157
i feel as though i were being tortured in there it would be my word against theirs,anger,fear,0.53219724
i feel that if i do nothing else in life but can turn a few people around i can do a lot to help the animals in their tortured lives,anger,fear,0.53218603
i feel like a caged creature getting tortured by some brat child that enjoys terrorizing me and beating on me to entertain themself,anger,fear,0.5321821
i cannot say it represents what i am currently feeling so i try to appease their tortured souls,anger,fear,0.5321611
i can feel what the people i tortured felt he says,anger,fear,0.5321439
i sat with my morning coffee contemplating my day i was really feeling a bit tortured,anger,fear,0.53214085
i feel as if i keep getting toyed with and in some other way i feel as if i was only put here to be tortured,anger,fear,0.5320856
i feel like i m listening to someone being tortured for information that they can t give,anger,fear,0.53203315
i feel like screaming for someone just to take this away or just take me out of this tortured soul,anger,fear,0.53187203
nothing,anger,fear,0.5266659
when i was called for an interview at kamuzu college of nursing,fear,sadness,0.46741745
the same as in anger,anger,fear,0.34956872
